,panel,xm,ym,ds,theta,Qy,Qx,qs_b,q_total,tau
1,upper,0.179835,0.024573,0.000336,2.945970,0.000000,0.000000,8.692652,-2127.071952,-2127071.952334
2,upper,0.179369,0.024665,0.000614,2.946969,0.000000,0.000000,24.722645,-2111.041959,-2111041.959339
3,upper,0.178767,0.024783,0.000614,2.947970,0.000000,0.000000,40.961316,-2094.803288,-2094803.288067
4,upper,0.178165,0.024901,0.000614,2.948973,0.000000,0.000000,57.407697,-2078.356906,-2078356.906481
5,upper,0.177563,0.025018,0.000614,2.949978,0.000000,0.000000,74.060820,-2061.703784,-2061703.783718
6,upper,0.176960,0.025135,0.000614,2.950984,0.000000,0.000000,90.919713,-2044.844891,-2044844.891098
7,upper,0.176358,0.025251,0.000614,2.951992,0.000000,0.000000,107.983402,-2027.781202,-2027781.201647
8,upper,0.175755,0.025366,0.000614,2.953002,0.000000,0.000000,125.250914,-2010.513690,-2010513.690021
9,upper,0.175153,0.025481,0.000614,2.954014,0.000000,0.000000,142.721272,-1993.043332,-1993043.332160
10,upper,0.174550,0.025595,0.000614,2.955027,0.000000,0.000000,160.393498,-1975.371106,-1975371.106189
11,upper,0.173947,0.025708,0.000614,2.956043,0.000001,0.000000,178.266611,-1957.497993,-1957497.992606
12,upper,0.173344,0.025821,0.000614,2.957061,0.000001,0.000000,196.339632,-1939.424972,-1939424.972300
13,upper,0.172741,0.025933,0.000614,2.958080,0.000001,0.000000,214.611575,-1921.153029,-1921153.028951
14,upper,0.172137,0.026045,0.000613,2.959101,0.000001,0.000000,233.081456,-1902.683148,-1902683.148300
15,upper,0.171534,0.026156,0.000613,2.960124,0.000001,0.000000,251.748287,-1884.016317,-1884016.317269
16,upper,0.170931,0.026266,0.000613,2.961149,0.000001,0.000000,270.611079,-1865.153525,-1865153.524858
17,upper,0.170327,0.026376,0.000613,2.962176,0.000001,0.000000,289.668842,-1846.095762,-1846095.761792
18,upper,0.169723,0.026485,0.000613,2.963204,0.000001,0.000000,308.920583,-1826.844021,-1826844.020586
19,upper,0.169120,0.026594,0.000613,2.964236,0.000001,0.000000,328.365304,-1807.399300,-1807399.299572
20,upper,0.168516,0.026702,0.000613,2.965268,0.000001,0.000000,348.002011,-1787.762593,-1787762.592743
21,upper,0.167912,0.026809,0.000613,2.966304,0.000001,0.000000,367.829708,-1767.934896,-1767934.895888
22,upper,0.167308,0.026916,0.000613,2.967341,0.000001,0.000000,387.847387,-1747.917217,-1747917.216513
23,upper,0.166703,0.027022,0.000613,2.968380,0.000001,0.000000,408.054049,-1727.710555,-1727710.554575
24,upper,0.166099,0.027127,0.000613,2.969421,0.000001,0.000000,428.448692,-1707.315912,-1707315.911991
25,upper,0.165495,0.027232,0.000613,2.970464,0.000001,0.000000,449.030301,-1686.734303,-1686734.302628
26,upper,0.164890,0.027336,0.000613,2.971510,0.000001,0.000000,469.797875,-1665.966729,-1665966.729111
27,upper,0.164286,0.027440,0.000613,2.972558,0.000001,0.000000,490.750398,-1645.014206,-1645014.206314
28,upper,0.163681,0.027543,0.000613,2.973608,0.000001,0.000000,511.886859,-1623.877744,-1623877.744478
29,upper,0.163076,0.027645,0.000613,2.974660,0.000001,0.000000,533.206238,-1602.558366,-1602558.366227
30,upper,0.162471,0.027746,0.000613,2.975715,0.000001,0.000000,554.707521,-1581.057083,-1581057.082619
31,upper,0.161866,0.027847,0.000613,2.976771,0.000001,0.000000,576.389687,-1559.374917,-1559374.917380
32,upper,0.161261,0.027948,0.000613,2.977831,0.000001,0.000000,598.251715,-1537.512889,-1537512.889396
33,upper,0.160656,0.028047,0.000613,2.978892,0.000002,0.000000,620.292577,-1515.472027,-1515472.026941
34,upper,0.160050,0.028146,0.000613,2.979956,0.000002,0.000000,642.511247,-1493.253357,-1493253.356973
35,upper,0.159445,0.028245,0.000613,2.981022,0.000002,0.000000,664.906699,-1470.857905,-1470857.905202
36,upper,0.158839,0.028343,0.000613,2.982090,0.000002,0.000000,687.477897,-1448.286707,-1448286.706897
37,upper,0.158234,0.028440,0.000613,2.983161,0.000002,0.000000,710.223808,-1425.540796,-1425540.796074
38,upper,0.157628,0.028536,0.000613,2.984234,0.000002,0.000000,733.143399,-1402.621205,-1402621.205399
39,upper,0.157022,0.028632,0.000613,2.985310,0.000002,0.000000,756.235630,-1379.528974,-1379528.973604
40,upper,0.156416,0.028727,0.000613,2.986388,0.000002,0.000000,779.499454,-1356.265149,-1356265.149477
41,upper,0.155810,0.028821,0.000613,2.987469,0.000002,0.000000,802.933835,-1332.830769,-1332830.769062
42,upper,0.155204,0.028915,0.000613,2.988552,0.000002,0.000000,826.537722,-1309.226882,-1309226.882333
43,upper,0.154598,0.029008,0.000613,2.989638,0.000002,0.000000,850.310070,-1285.454534,-1285454.534143
44,upper,0.153992,0.029101,0.000613,2.990726,0.000002,0.000000,874.249824,-1261.514780,-1261514.779544
45,upper,0.153385,0.029193,0.000613,2.991817,0.000002,0.000000,898.355932,-1237.408672,-1237408.672291
46,upper,0.152779,0.029284,0.000613,2.992911,0.000002,0.000000,922.627335,-1213.137269,-1213137.268758
47,upper,0.152172,0.029375,0.000613,2.994007,0.000002,0.000000,947.062980,-1188.701624,-1188701.623886
48,upper,0.151566,0.029464,0.000613,2.995106,0.000002,0.000000,971.661801,-1164.102803,-1164102.803261
49,upper,0.150959,0.029554,0.000613,2.996207,0.000002,0.000000,996.422733,-1139.341871,-1139341.871162
50,upper,0.150352,0.029642,0.000613,2.997312,0.000002,0.000000,1021.344709,-1114.419895,-1114419.894507
51,upper,0.149745,0.029730,0.000613,2.998419,0.000002,0.000000,1046.426665,-1089.337939,-1089337.938968
52,upper,0.149138,0.029817,0.000613,2.999529,0.000002,0.000000,1071.667519,-1064.097085,-1064097.085146
53,upper,0.148531,0.029904,0.000613,3.000642,0.000002,0.000000,1097.066204,-1038.698400,-1038698.399963
54,upper,0.147923,0.029989,0.000613,3.001757,0.000002,0.000000,1122.621639,-1013.142965,-1013142.965462
55,upper,0.147316,0.030075,0.000613,3.002876,0.000002,0.000000,1148.332742,-987.431862,-987431.862449
56,upper,0.146709,0.030159,0.000613,3.003997,0.000002,0.000000,1174.198429,-961.566175,-961566.174711
57,upper,0.146101,0.030243,0.000613,3.005121,0.000002,0.000001,1200.217615,-935.546989,-935546.988745
58,upper,0.145493,0.030326,0.000613,3.006249,0.000002,0.000001,1226.389210,-909.375394,-909375.394011
59,upper,0.144886,0.030408,0.000613,3.007379,0.000002,0.000001,1252.712121,-883.052483,-883052.482936
60,upper,0.144278,0.030490,0.000613,3.008512,0.000002,0.000001,1279.185253,-856.579351,-856579.350836
61,upper,0.143670,0.030571,0.000613,3.009648,0.000003,0.000001,1305.807508,-829.957096,-829957.096059
62,upper,0.143062,0.030651,0.000613,3.010787,0.000003,0.000001,1332.577784,-803.186820,-803186.820001
63,upper,0.142454,0.030731,0.000613,3.011930,0.000003,0.000001,1359.494977,-776.269627,-776269.627125
64,upper,0.141846,0.030810,0.000613,3.013075,0.000003,0.000001,1386.557983,-749.206621,-749206.620536
65,upper,0.141238,0.030888,0.000613,3.014224,0.000003,0.000001,1413.765684,-721.998920,-721998.919674
66,upper,0.140629,0.030966,0.000613,3.015375,0.000003,0.000001,1441.116970,-694.647634,-694647.633973
67,upper,0.140021,0.031043,0.000613,3.016530,0.000003,0.000001,1468.610724,-667.153880,-667153.880429
68,upper,0.139412,0.031119,0.000613,3.017689,0.000003,0.000001,1496.245825,-639.518779,-639518.779142
69,upper,0.138804,0.031194,0.000613,3.018850,0.000003,0.000001,1524.021155,-611.743449,-611743.448997
70,upper,0.138195,0.031269,0.000613,3.020015,0.000003,0.000001,1551.935578,-583.829026,-583829.025763
71,upper,0.137586,0.031343,0.000613,3.021183,0.000003,0.000001,1579.987974,-555.776630,-555776.630347
72,upper,0.136978,0.031416,0.000613,3.022355,0.000003,0.000001,1608.177203,-527.587401,-527587.400613
73,upper,0.136369,0.031489,0.000613,3.023529,0.000003,0.000001,1636.502131,-499.262473,-499262.473235
74,upper,0.135760,0.031561,0.000613,3.024708,0.000003,0.000001,1664.961616,-470.802988,-470802.988351
75,upper,0.135150,0.031632,0.000613,3.025889,0.000003,0.000001,1693.554519,-442.210085,-442210.084838
76,upper,0.134541,0.031702,0.000613,3.027075,0.000003,0.000001,1722.279690,-413.484914,-413484.914258
77,upper,0.133932,0.031772,0.000613,3.028264,0.000003,0.000001,1751.135977,-384.628627,-384628.627158
78,upper,0.133323,0.031841,0.000613,3.029456,0.000003,0.000001,1780.122236,-355.642368,-355642.368181
79,upper,0.132713,0.031909,0.000613,3.030652,0.000003,0.000001,1809.237300,-326.527304,-326527.304283
80,upper,0.132104,0.031977,0.000613,3.031852,0.000003,0.000001,1838.480007,-297.284597,-297284.596641
81,upper,0.131494,0.032044,0.000613,3.033055,0.000003,0.000001,1867.849203,-267.915400,-267915.400497
82,upper,0.130885,0.032110,0.000613,3.034262,0.000003,0.000001,1897.343715,-238.420889,-238420.889210
83,upper,0.130275,0.032175,0.000613,3.035472,0.000003,0.000001,1926.962364,-208.802240,-208802.239797
84,upper,0.129665,0.032240,0.000613,3.036687,0.000003,0.000001,1956.703990,-179.060614,-179060.613669
85,upper,0.129055,0.032303,0.000613,3.037905,0.000003,0.000001,1986.567399,-149.197205,-149197.205069
86,upper,0.128445,0.032366,0.000613,3.039127,0.000003,0.000001,2016.551416,-119.213188,-119213.187850
87,upper,0.127835,0.032429,0.000613,3.040353,0.000003,0.000001,2046.654859,-89.109745,-89109.744548
88,upper,0.127225,0.032490,0.000613,3.041583,0.000003,0.000001,2076.876528,-58.888076,-58888.076193
89,upper,0.126615,0.032551,0.000613,3.042817,0.000003,0.000001,2107.215231,-28.549373,-28549.373082
90,upper,0.126004,0.032611,0.000613,3.044055,0.000003,0.000001,2137.669774,1.905171,1905.170504
91,upper,0.125394,0.032671,0.000613,3.045296,0.000003,0.000001,2168.238955,32.474351,32474.351410
92,upper,0.124784,0.032729,0.000613,3.046543,0.000003,0.000001,2198.921566,63.156962,63156.962417
93,upper,0.124173,0.032787,0.000613,3.047793,0.000003,0.000001,2229.716396,93.951792,93951.792102
94,upper,0.123563,0.032844,0.000613,3.049047,0.000003,0.000001,2260.622229,124.857625,124857.624980
95,upper,0.122952,0.032900,0.000613,3.050305,0.000003,0.000001,2291.637850,155.873247,155873.246510
96,upper,0.122341,0.032956,0.000613,3.051568,0.000003,0.000001,2322.762042,186.997438,186997.437915
97,upper,0.121726,0.033011,0.000622,3.053500,0.000003,0.000001,2354.438078,218.673474,218673.473611
98,upper,0.121104,0.033065,0.000628,3.055856,0.000003,0.000001,2386.520425,250.755821,250755.820598
99,upper,0.120478,0.033118,0.000628,3.057954,0.000003,0.000001,2418.711497,282.946893,282946.892932
100,upper,0.119852,0.033170,0.000628,3.060056,0.000003,0.000001,2451.009198,315.244594,315244.594438
101,upper,0.119226,0.033221,0.000628,3.062162,0.000003,0.000001,2483.411428,347.646824,347646.824279
102,upper,0.118601,0.033270,0.000628,3.064273,0.000003,0.000001,2515.916081,380.151477,380151.476790
103,upper,0.117974,0.033318,0.000628,3.066388,0.000003,0.000001,2548.521045,412.756441,412756.441399
104,upper,0.117348,0.033364,0.000628,3.068507,0.000003,0.000001,2581.224212,445.459608,445459.607879
105,upper,0.116722,0.033409,0.000628,3.070631,0.000003,0.000001,2614.023455,478.258851,478258.850741
106,upper,0.116096,0.033453,0.000628,3.072760,0.000004,0.000001,2646.916654,511.152050,511152.049884
107,upper,0.115469,0.033496,0.000628,3.074893,0.000004,0.000001,2679.901674,544.137070,544137.069567
108,upper,0.114842,0.033537,0.000628,3.077031,0.000004,0.000001,2712.976378,577.211774,577211.774198
109,upper,0.114215,0.033577,0.000628,3.079173,0.000004,0.000001,2746.138632,610.374028,610374.028349
110,upper,0.113589,0.033615,0.000628,3.081320,0.000004,0.000001,2779.386290,643.621686,643621.686046
111,upper,0.112962,0.033652,0.000628,3.083471,0.000004,0.000001,2812.717195,676.952591,676952.590647
112,upper,0.112334,0.033688,0.000628,3.085628,0.000004,0.000001,2846.129195,710.364591,710364.590764
113,upper,0.111707,0.033723,0.000628,3.087789,0.000004,0.000001,2879.620123,743.855519,743855.519015
114,upper,0.111080,0.033756,0.000628,3.089955,0.000004,0.000001,2913.187817,777.423213,777423.213077
115,upper,0.110452,0.033787,0.000628,3.092126,0.000004,0.000001,2946.830104,811.065500,811065.499756
116,upper,0.109825,0.033818,0.000628,3.094302,0.000004,0.000001,2980.544804,844.780200,844780.200292
117,upper,0.109197,0.033847,0.000628,3.096483,0.000004,0.000001,3014.329734,878.565130,878565.130112
118,upper,0.108569,0.033874,0.000628,3.098668,0.000004,0.000001,3048.182703,912.418099,912418.098938
119,upper,0.107942,0.033901,0.000628,3.100859,0.000004,0.000001,3082.101515,946.336911,946336.910690
120,upper,0.107314,0.033926,0.000628,3.103056,0.000004,0.000001,3116.083967,980.319363,980319.363339
121,upper,0.106686,0.033949,0.000628,3.105257,0.000004,0.000001,3150.127853,1014.363249,1014363.248946
122,upper,0.106057,0.033971,0.000629,3.107463,0.000004,0.000001,3184.230963,1048.466359,1048466.358897
123,upper,0.105429,0.033992,0.000629,3.109675,0.000004,0.000001,3218.391072,1082.626468,1082626.467628
124,upper,0.104801,0.034011,0.000629,3.111892,0.000004,0.000001,3252.605958,1116.841354,1116841.354307
125,upper,0.104173,0.034029,0.000629,3.114115,0.000004,0.000001,3286.873385,1151.108781,1151108.780837
126,upper,0.103544,0.034046,0.000629,3.116342,0.000004,0.000001,3321.191123,1185.426519,1185426.519223
127,upper,0.102916,0.034061,0.000629,3.118576,0.000004,0.000001,3355.556917,1219.792313,1219792.313274
128,upper,0.102287,0.034075,0.000629,3.120814,0.000004,0.000001,3389.968526,1254.203922,1254203.922114
129,upper,0.101658,0.034087,0.000629,3.123059,0.000004,0.000001,3424.423686,1288.659082,1288659.081839
130,upper,0.101029,0.034098,0.000629,3.125309,0.000004,0.000001,3458.920137,1323.155533,1323155.532909
131,upper,0.100401,0.034108,0.000629,3.127565,0.000004,0.000001,3493.455608,1357.691004,1357691.003638
132,upper,0.099772,0.034116,0.000629,3.129827,0.000004,0.000001,3528.027825,1392.263221,1392263.220969
133,upper,0.099143,0.034123,0.000629,3.132094,0.000004,0.000001,3562.634492,1426.869888,1426869.888467
134,upper,0.098514,0.034128,0.000629,3.134368,0.000004,0.000001,3597.273334,1461.508730,1461508.730120
135,upper,0.097885,0.034132,0.000629,3.136647,0.000004,0.000001,3631.942045,1496.177441,1496177.440989
136,upper,0.097255,0.034134,0.000629,3.138932,0.000004,0.000001,3666.638318,1530.873714,1530873.714440
137,upper,0.096626,0.034135,0.000629,3.141224,0.000004,0.000001,3701.359852,1565.595248,1565595.247575
138,upper,0.095997,0.034135,0.000629,-3.139664,0.000004,0.000002,3736.104312,1600.339708,1600339.708192
139,upper,0.095368,0.034133,0.000629,-3.137360,0.000004,0.000002,3770.869388,1635.104784,1635104.784267
140,upper,0.094738,0.034129,0.000629,-3.135050,0.000004,0.000002,3805.652738,1669.888134,1669888.134081
141,upper,0.094109,0.034124,0.000629,-3.132733,0.000004,0.000002,3840.452023,1704.687419,1704687.419332
142,upper,0.093479,0.034118,0.000630,-3.130410,0.000004,0.000002,3875.264898,1739.500294,1739500.294069
143,upper,0.092850,0.034110,0.000630,-3.128080,0.000004,0.000002,3910.089003,1774.324399,1774324.399050
144,upper,0.092220,0.034101,0.000630,-3.125744,0.000004,0.000002,3944.921977,1809.157373,1809157.372622
145,upper,0.091591,0.034090,0.000630,-3.123401,0.000004,0.000002,3979.761443,1843.996839,1843996.839466
146,upper,0.090961,0.034078,0.000630,-3.121051,0.000004,0.000002,4014.605026,1878.840422,1878840.421802
147,upper,0.090332,0.034064,0.000630,-3.118695,0.000004,0.000002,4049.450343,1913.685739,1913685.739207
148,upper,0.089702,0.034049,0.000630,-3.116331,0.000004,0.000002,4084.294990,1948.530386,1948530.386206
149,upper,0.089072,0.034033,0.000630,-3.113961,0.000004,0.000002,4119.136575,1983.371971,1983371.970975
150,upper,0.088443,0.034014,0.000630,-3.111583,0.000004,0.000002,4153.972675,2018.208071,2018208.071066
151,upper,0.087813,0.033995,0.000630,-3.109198,0.000004,0.000002,4188.800881,2053.036277,2053036.277466
152,upper,0.087183,0.033974,0.000630,-3.106806,0.000004,0.000002,4223.618754,2087.854150,2087854.150160
153,upper,0.086553,0.033951,0.000630,-3.104406,0.000004,0.000002,4258.423861,2122.659257,2122659.256895
154,upper,0.085924,0.033927,0.000630,-3.101999,0.000004,0.000002,4293.213760,2157.449156,2157449.156396
155,upper,0.085294,0.033901,0.000630,-3.099584,0.000004,0.000002,4327.985997,2192.221393,2192221.392579
156,upper,0.084664,0.033874,0.000630,-3.097162,0.000004,0.000002,4362.738099,2226.973495,2226973.494613
157,upper,0.084034,0.033845,0.000630,-3.094731,0.000004,0.000002,4397.467603,2261.702999,2261702.998780
158,upper,0.083404,0.033815,0.000631,-3.092293,0.000004,0.000002,4432.172025,2296.407421,2296407.420638
159,upper,0.082775,0.033783,0.000631,-3.089847,0.000004,0.000002,4466.848876,2331.084272,2331084.271601
160,upper,0.082145,0.033750,0.000631,-3.087392,0.000004,0.000002,4501.495652,2365.731048,2365731.047823
161,upper,0.081515,0.033715,0.000631,-3.084930,0.000004,0.000002,4536.109845,2400.345241,2400345.240922
162,upper,0.080885,0.033678,0.000631,-3.082458,0.000004,0.000002,4570.688931,2434.924327,2434924.326799
163,upper,0.080256,0.033640,0.000631,-3.079979,0.000004,0.000002,4605.230419,2469.465815,2469465.814905
164,upper,0.079626,0.033600,0.000631,-3.077491,0.000004,0.000002,4639.731666,2503.967062,2503967.061926
165,upper,0.078996,0.033559,0.000631,-3.074994,0.000004,0.000002,4674.190286,2538.425682,2538425.681780
166,upper,0.078367,0.033516,0.000631,-3.072488,0.000004,0.000002,4708.603554,2572.838950,2572838.949947
167,upper,0.077737,0.033472,0.000631,-3.069973,0.000004,0.000002,4742.969008,2607.204404,2607204.403793
168,upper,0.077107,0.033426,0.000631,-3.067449,0.000004,0.000002,4777.284010,2641.519406,2641519.405952
169,upper,0.076478,0.033378,0.000631,-3.064915,0.000004,0.000002,4811.546021,2675.781417,2675781.416662
170,upper,0.075848,0.033329,0.000631,-3.062373,0.000004,0.000002,4845.752434,2709.987830,2709987.830242
171,upper,0.075219,0.033279,0.000632,-3.059820,0.000004,0.000002,4879.900579,2744.135975,2744135.975181
172,upper,0.074589,0.033226,0.000632,-3.057258,0.000004,0.000002,4913.987880,2778.223276,2778223.276342
173,upper,0.073960,0.033172,0.000632,-3.054685,0.000004,0.000002,4948.011696,2812.247092,2812247.092432
174,upper,0.073331,0.033116,0.000632,-3.052103,0.000004,0.000002,4981.969374,2846.204770,2846204.769888
175,upper,0.072701,0.033059,0.000632,-3.049511,0.000004,0.000002,5015.858247,2880.093643,2880093.642773
176,upper,0.072072,0.033000,0.000632,-3.046908,0.000003,0.000002,5049.675636,2913.911032,2913911.032481
177,upper,0.071443,0.032940,0.000632,-3.044294,0.000003,0.000002,5083.418958,2947.654354,2947654.354313
178,upper,0.070814,0.032877,0.000632,-3.041670,0.000003,0.000002,5117.085401,2981.320797,2981320.796636
179,upper,0.070185,0.032814,0.000632,-3.039034,0.000003,0.000002,5150.672299,3014.907695,3014907.694696
180,upper,0.069556,0.032748,0.000632,-3.036388,0.000003,0.000002,5184.176921,3048.412317,3048412.316883
181,upper,0.068927,0.032681,0.000632,-3.033730,0.000003,0.000002,5217.596575,3081.831971,3081831.970586
182,upper,0.068298,0.032612,0.000633,-3.031061,0.000003,0.000002,5250.928447,3115.163843,3115163.843336
183,upper,0.067670,0.032541,0.000633,-3.028379,0.000003,0.000002,5284.169870,3148.405266,3148405.266488
184,upper,0.067041,0.032469,0.000633,-3.025686,0.000003,0.000002,5317.318003,3181.553399,3181553.398787
185,upper,0.066413,0.032395,0.000633,-3.022981,0.000003,0.000002,5350.370093,3214.605489,3214605.489072
186,upper,0.065784,0.032319,0.000633,-3.020263,0.000003,0.000002,5383.323323,3247.558719,3247558.718610
187,upper,0.065156,0.032242,0.000633,-3.017532,0.000003,0.000002,5416.174909,3280.410305,3280410.305154
188,upper,0.064528,0.032162,0.000633,-3.014788,0.000003,0.000002,5448.922003,3313.157399,3313157.398612
189,upper,0.063900,0.032081,0.000633,-3.012032,0.000003,0.000002,5481.561737,3345.797133,3345797.132989
190,upper,0.063272,0.031999,0.000633,-3.009261,0.000003,0.000002,5514.091333,3378.326729,3378326.728646
191,upper,0.062644,0.031914,0.000634,-3.006477,0.000003,0.000002,5546.507839,3410.743235,3410743.234747
192,upper,0.062016,0.031828,0.000634,-3.003679,0.000003,0.000002,5578.808390,3443.043786,3443043.786110
193,upper,0.061389,0.031740,0.000634,-3.000867,0.000003,0.000002,5610.990104,3475.225500,3475225.499730
194,upper,0.060761,0.031650,0.000634,-2.998040,0.000003,0.000002,5643.050028,3507.285424,3507285.423878
195,upper,0.060134,0.031559,0.000634,-2.995198,0.000003,0.000002,5674.985243,3539.220639,3539220.639195
196,upper,0.059507,0.031465,0.000634,-2.992341,0.000003,0.000002,5706.792811,3571.028207,3571028.207308
197,upper,0.058880,0.031370,0.000634,-2.989468,0.000003,0.000002,5738.469775,3602.705171,3602705.170595
198,upper,0.058253,0.031273,0.000634,-2.986580,0.000003,0.000002,5770.013106,3634.248502,3634248.501808
199,upper,0.057627,0.031174,0.000634,-2.983675,0.000003,0.000002,5801.419808,3665.655204,3665655.203742
200,upper,0.057000,0.031073,0.000635,-2.980753,0.000003,0.000002,5832.686813,3696.922209,3696922.209302
201,upper,0.056374,0.030971,0.000635,-2.977815,0.000003,0.000002,5863.811182,3728.046578,3728046.577947
202,upper,0.055748,0.030866,0.000635,-2.974859,0.000003,0.000002,5894.789804,3759.025200,3759025.199896
203,upper,0.055122,0.030760,0.000635,-2.971886,0.000003,0.000002,5925.619597,3789.854993,3789854.992559
204,upper,0.054496,0.030652,0.000635,-2.968894,0.000003,0.000002,5956.297455,3820.532851,3820532.850694
205,upper,0.053870,0.030542,0.000635,-2.965883,0.000003,0.000002,5986.820250,3851.055646,3851055.645990
206,upper,0.053245,0.030430,0.000635,-2.962854,0.000003,0.000002,6017.184830,3881.420226,3881420.226498
207,upper,0.052620,0.030316,0.000636,-2.959804,0.000003,0.000002,6047.388068,3911.623464,3911623.463572
208,upper,0.051995,0.030200,0.000636,-2.956735,0.000003,0.000002,6077.426807,3941.662203,3941662.202955
209,upper,0.051370,0.030082,0.000636,-2.953645,0.000003,0.000002,6107.297774,3971.533170,3971533.170214
210,upper,0.050746,0.029963,0.000636,-2.950534,0.000003,0.000002,6136.997716,4001.233112,4001233.112376
211,upper,0.050121,0.029841,0.000636,-2.947402,0.000003,0.000002,6166.523493,4030.758889,4030758.889072
212,upper,0.049497,0.029717,0.000636,-2.944247,0.000003,0.000002,6195.871749,4060.107145,4060107.145420
213,upper,0.048874,0.029591,0.000636,-2.941069,0.000003,0.000002,6225.039149,4089.274545,4089274.545060
214,upper,0.048250,0.029463,0.000637,-2.937868,0.000003,0.000002,6254.022463,4118.257859,4118257.859450
215,upper,0.047627,0.029334,0.000637,-2.934643,0.000003,0.000002,6282.818296,4147.053692,4147053.692014
216,upper,0.047004,0.029202,0.000637,-2.931393,0.000003,0.000002,6311.423220,4175.658616,4175658.615758
217,upper,0.046381,0.029068,0.000637,-2.928117,0.000003,0.000002,6339.833866,4204.069262,4204069.261702
218,upper,0.045759,0.028932,0.000637,-2.924816,0.000003,0.000002,6368.046831,4232.282227,4232282.226660
219,upper,0.045136,0.028794,0.000637,-2.921487,0.000003,0.000003,6396.058589,4260.293985,4260293.984599
220,upper,0.044514,0.028653,0.000638,-2.918131,0.000002,0.000003,6423.865710,4288.101106,4288101.106455
221,upper,0.043893,0.028511,0.000638,-2.914746,0.000002,0.000003,6451.464599,4315.699995,4315699.995153
222,upper,0.043272,0.028367,0.000638,-2.911331,0.000002,0.000003,6478.851750,4343.087146,4343087.146355
223,upper,0.042651,0.028220,0.000638,-2.907886,0.000002,0.000003,6506.023534,4370.258930,4370258.930428
224,upper,0.042030,0.028071,0.000638,-2.904410,0.000002,0.000003,6532.976409,4397.211805,4397211.805103
225,upper,0.041410,0.027920,0.000639,-2.900902,0.000002,0.000003,6559.706621,4423.942017,4423942.016796
226,upper,0.040790,0.027767,0.000639,-2.897360,0.000002,0.000003,6586.210541,4450.445937,4450445.937093
227,upper,0.040170,0.027611,0.000639,-2.893783,0.000002,0.000003,6612.484372,4476.719768,4476719.767729
228,upper,0.039551,0.027453,0.000639,-2.890171,0.000002,0.000003,6638.524433,4502.759829,4502759.828971
229,upper,0.038932,0.027293,0.000639,-2.886522,0.000002,0.000003,6664.326873,4528.562269,4528562.269392
230,upper,0.038313,0.027130,0.000640,-2.882835,0.000002,0.000003,6689.887833,4554.123229,4554123.228600
231,upper,0.037695,0.026966,0.000640,-2.879109,0.000002,0.000003,6715.203399,4579.438795,4579438.794703
232,upper,0.037078,0.026798,0.000640,-2.875341,0.000002,0.000003,6740.269685,4604.505081,4604505.080880
233,upper,0.036460,0.026629,0.000640,-2.871532,0.000002,0.000003,6765.082708,4629.318104,4629318.103830
234,upper,0.035843,0.026457,0.000641,-2.867678,0.000002,0.000003,6789.638426,4653.873822,4653873.821844
235,upper,0.035227,0.026282,0.000641,-2.863779,0.000002,0.000003,6813.932775,4678.168171,4678168.170819
236,upper,0.034611,0.026105,0.000641,-2.859832,0.000002,0.000003,6837.961589,4702.196985,4702196.985167
237,upper,0.033995,0.025926,0.000641,-2.855836,0.000002,0.000003,6861.720749,4725.956145,4725956.145369
238,upper,0.033380,0.025744,0.000642,-2.851789,0.000002,0.000003,6885.205955,4749.441351,4749441.350779
239,upper,0.032766,0.025559,0.000642,-2.847689,0.000002,0.000003,6908.412943,4772.648339,4772648.339300
240,upper,0.032151,0.025372,0.000642,-2.843533,0.000002,0.000003,6931.337376,4795.572772,4795572.772030
241,upper,0.031538,0.025182,0.000642,-2.839320,0.000002,0.000003,6953.974834,4818.210230,4818210.230252
242,upper,0.030925,0.024989,0.000643,-2.835047,0.000002,0.000003,6976.320781,4840.556177,4840556.177401
243,upper,0.030312,0.024794,0.000643,-2.830710,0.000002,0.000003,6998.370767,4862.606163,4862606.163488
244,upper,0.029700,0.024596,0.000643,-2.826308,0.000002,0.000003,7020.120112,4884.355508,4884355.507673
245,upper,0.029089,0.024395,0.000644,-2.821838,0.000002,0.000003,7041.564106,4905.799502,4905799.501821
246,upper,0.028478,0.024191,0.000644,-2.817296,0.000002,0.000003,7062.698007,4926.933403,4926933.402826
247,upper,0.027868,0.023984,0.000645,-2.812678,0.000001,0.000003,7083.516963,4947.752359,4947752.359311
248,upper,0.027258,0.023775,0.000645,-2.807982,0.000001,0.000003,7104.016011,4968.251407,4968251.406875
249,upper,0.026649,0.023562,0.000645,-2.803204,0.000001,0.000003,7124.190130,4988.425526,4988425.525750
250,upper,0.026041,0.023346,0.000646,-2.798338,0.000001,0.000003,7144.034173,5008.269569,5008269.569345
251,upper,0.025433,0.023127,0.000646,-2.793382,0.000001,0.000003,7163.542953,5027.778349,5027778.349039
252,upper,0.024826,0.022905,0.000647,-2.788329,0.000001,0.000003,7182.711107,5046.946503,5046946.502848
253,upper,0.024220,0.022680,0.000647,-2.783175,0.000001,0.000003,7201.533153,5065.768549,5065768.548711
254,upper,0.023614,0.022451,0.000648,-2.777915,0.000001,0.000003,7220.003564,5084.238960,5084238.960242
255,upper,0.023009,0.022219,0.000648,-2.772541,0.000001,0.000003,7238.116614,5102.352010,5102352.009977
256,upper,0.022405,0.021984,0.000649,-2.767049,0.000001,0.000003,7255.866476,5120.101872,5120101.872301
257,upper,0.021802,0.021744,0.000649,-2.761430,0.000001,0.000003,7273.247184,5137.482580,5137482.579832
258,upper,0.021200,0.021502,0.000650,-2.755677,0.000001,0.000003,7290.252560,5154.487956,5154487.955750
259,upper,0.020598,0.021255,0.000650,-2.749782,0.000001,0.000003,7306.876360,5171.111756,5171111.755619
260,upper,0.019998,0.021005,0.000651,-2.743736,0.000001,0.000003,7323.112069,5187.347465,5187347.465353
261,upper,0.019398,0.020751,0.000652,-2.737528,0.000001,0.000003,7338.953015,5203.188411,5203188.411343
262,upper,0.018799,0.020493,0.000652,-2.731148,0.000001,0.000003,7354.392362,5218.627758,5218627.758442
263,upper,0.018202,0.020230,0.000653,-2.724584,0.000001,0.000003,7369.422969,5233.658365,5233658.364732
264,upper,0.017605,0.019963,0.000654,-2.717823,0.000001,0.000003,7384.037523,5248.272919,5248272.919212
265,upper,0.017009,0.019692,0.000655,-2.710850,0.000001,0.000003,7398.228419,5262.463815,5262463.815145
266,upper,0.016415,0.019417,0.000656,-2.703649,0.000001,0.000003,7411.987764,5276.223160,5276223.160002
267,upper,0.015822,0.019136,0.000657,-2.696202,0.000001,0.000003,7425.307380,5289.542776,5289542.775981
268,upper,0.015230,0.018851,0.000658,-2.688490,0.000000,0.000003,7438.178735,5302.414131,5302414.130584
269,upper,0.014639,0.018560,0.000659,-2.680490,0.000000,0.000003,7450.592908,5314.828304,5314828.304287
270,upper,0.014050,0.018264,0.000660,-2.672177,0.000000,0.000003,7462.540590,5326.775986,5326775.986211
271,upper,0.013462,0.017963,0.000661,-2.663523,0.000000,0.000003,7474.011952,5338.247348,5338247.348075
272,upper,0.012875,0.017656,0.000663,-2.654497,0.000000,0.000003,7484.996726,5349.232122,5349232.121867
273,upper,0.012291,0.017342,0.000664,-2.645062,0.000000,0.000003,7495.484033,5359.719429,5359719.428965
274,upper,0.011707,0.017023,0.000666,-2.635178,0.000000,0.000003,7505.462308,5369.697705,5369697.704508
275,upper,0.011126,0.016696,0.000668,-2.624796,0.000000,0.000003,7514.919291,5379.154687,5379154.686621
276,upper,0.010546,0.016362,0.000670,-2.613862,0.000000,0.000003,7523.841855,5388.077251,5388077.250815
277,upper,0.009969,0.016021,0.000672,-2.602314,-0.000000,0.000003,7532.215904,5396.451300,5396451.300345
278,upper,0.009393,0.015672,0.000674,-2.590076,-0.000000,0.000003,7540.026188,5404.261584,5404261.583694
279,upper,0.008820,0.015314,0.000677,-2.577062,-0.000000,0.000003,7547.256122,5411.491518,5411491.518003
280,upper,0.008249,0.014947,0.000680,-2.563168,-0.000000,0.000003,7553.887567,5418.122963,5418122.962795
281,upper,0.007681,0.014570,0.000684,-2.548270,-0.000000,0.000003,7559.900456,5424.135852,5424135.852400
282,upper,0.007116,0.014182,0.000687,-2.532218,-0.000000,0.000003,7565.272421,5429.507817,5429507.817494
283,upper,0.006554,0.013783,0.000692,-2.514829,-0.000000,0.000003,7569.978257,5434.213653,5434213.653079
284,upper,0.005995,0.013370,0.000697,-2.495875,-0.000000,0.000003,7573.989158,5438.224554,5438224.553622
285,upper,0.005441,0.012943,0.000703,-2.475071,-0.000000,0.000003,7577.271726,5441.507122,5441507.121958
286,upper,0.004890,0.012499,0.000711,-2.452053,-0.000001,0.000003,7579.786542,5444.021938,5444021.938032
287,upper,0.004344,0.012038,0.000719,-2.426347,-0.000001,0.000003,7581.486047,5445.721443,5445721.443183
288,upper,0.003804,0.011554,0.000730,-2.397321,-0.000001,0.000003,7582.311331,5446.546727,5446546.726904
289,upper,0.003271,0.011046,0.000744,-2.364115,-0.000001,0.000003,7582.187001,5446.422397,5446422.397168
290,upper,0.002745,0.010508,0.000761,-2.325513,-0.000001,0.000003,7581.012500,5445.247896,5445247.895865
291,upper,0.002229,0.009934,0.000784,-2.279725,-0.000001,0.000003,7578.646310,5442.881706,5442881.705957
292,upper,0.001726,0.009311,0.000818,-2.223979,-0.000001,0.000003,7574.874331,5439.109727,5439109.726680
293,upper,0.001238,0.008624,0.000868,-2.153633,-0.000001,0.000003,7569.337614,5433.573010,5433573.010276
294,upper,0.000776,0.007841,0.000953,-2.059981,-0.000001,0.000003,7561.330047,5425.565443,5425565.442852
295,upper,0.000356,0.006887,0.001136,-1.922756,-0.000001,0.000003,7548.983035,5413.218431,5413218.430627
296,upper,0.000131,0.005140,0.002430,-1.594336,-0.000001,0.000003,7511.529471,5375.764867,5375764.867132
298,lower,0.000684,0.002859,0.002429,-1.071730,-0.000002,0.000003,7459.564267,5323.799663,5323799.663076
299,lower,0.001679,0.001407,0.001132,-0.750501,-0.000002,0.000003,7430.997919,5295.233315,5295233.315324
300,lower,0.002479,0.000746,0.000947,-0.618292,-0.000002,0.000003,7405.434848,5269.670244,5269670.244294
301,lower,0.003235,0.000255,0.000859,-0.528911,-0.000002,0.000003,7381.101676,5245.337072,5245337.072269
302,lower,0.003967,-0.000142,0.000807,-0.462389,-0.000002,0.000003,7357.373191,5221.608587,5221608.587230
303,lower,0.004683,-0.000476,0.000773,-0.410179,-0.000002,0.000003,7333.960483,5198.195879,5198195.879046
304,lower,0.005386,-0.000764,0.000748,-0.367731,-0.000002,0.000003,7310.710519,5174.945915,5174945.914696
305,lower,0.006079,-0.001017,0.000729,-0.332328,-0.000002,0.000003,7287.535441,5151.770837,5151770.836813
306,lower,0.006765,-0.001242,0.000714,-0.302220,-0.000002,0.000003,7264.382245,5128.617641,5128617.640877
307,lower,0.007443,-0.001445,0.000702,-0.276217,-0.000002,0.000003,7241.218024,5105.453420,5105453.419702
308,lower,0.008116,-0.001627,0.000693,-0.253474,-0.000002,0.000003,7218.022107,5082.257503,5082257.502789
309,lower,0.008785,-0.001793,0.000684,-0.233374,-0.000002,0.000003,7194.781588,5059.016984,5059016.984121
310,lower,0.009448,-0.001945,0.000677,-0.215453,-0.000003,0.000003,7171.488637,5035.724033,5035724.033250
311,lower,0.010108,-0.002084,0.000671,-0.199353,-0.000003,0.000003,7148.138836,5012.374232,5012374.232493
312,lower,0.010764,-0.002211,0.000666,-0.184795,-0.000003,0.000003,7124.730082,4988.965478,4988965.478018
313,lower,0.011417,-0.002329,0.000661,-0.171556,-0.000003,0.000003,7101.261861,4965.497257,4965497.256931
314,lower,0.012067,-0.002437,0.000657,-0.159455,-0.000003,0.000003,7077.734784,4941.970180,4941970.179972
315,lower,0.012715,-0.002538,0.000653,-0.148345,-0.000003,0.000003,7054.150218,4918.385614,4918385.613857
316,lower,0.013359,-0.002631,0.000650,-0.138105,-0.000003,0.000003,7030.510070,4894.745466,4894745.465594
317,lower,0.014002,-0.002717,0.000647,-0.128633,-0.000003,0.000003,7006.816604,4871.052000,4871052.000438
318,lower,0.014642,-0.002797,0.000644,-0.119842,-0.000003,0.000003,6983.072325,4847.307721,4847307.720670
319,lower,0.015280,-0.002871,0.000641,-0.111661,-0.000003,0.000003,6959.279887,4823.515283,4823515.282598
320,lower,0.015916,-0.002940,0.000639,-0.104027,-0.000003,0.000003,6935.442020,4799.677416,4799677.415983
321,lower,0.016550,-0.003004,0.000636,-0.096885,-0.000003,0.000003,6911.561507,4775.796903,4775796.903010
322,lower,0.017183,-0.003063,0.000634,-0.090190,-0.000003,0.000003,6887.641120,4751.876516,4751876.515581
323,lower,0.017814,-0.003118,0.000632,-0.083901,-0.000003,0.000003,6863.683613,4727.919009,4727919.009055
324,lower,0.018443,-0.003169,0.000630,-0.077983,-0.000003,0.000003,6839.691698,4703.927094,4703927.093878
325,lower,0.019071,-0.003217,0.000629,-0.072404,-0.000003,0.000003,6815.668026,4679.903422,4679903.421646
326,lower,0.019697,-0.003260,0.000627,-0.067136,-0.000003,0.000003,6791.615192,4655.850588,4655850.588203
327,lower,0.020322,-0.003301,0.000625,-0.062154,-0.000003,0.000003,6767.535717,4631.771113,4631771.113407
328,lower,0.020945,-0.003338,0.000624,-0.057438,-0.000003,0.000003,6743.432045,4607.667441,4607667.441002
329,lower,0.021568,-0.003373,0.000623,-0.052967,-0.000003,0.000003,6719.306533,4583.541929,4583541.929067
330,lower,0.022189,-0.003404,0.000621,-0.048723,-0.000004,0.000002,6695.161478,4559.396875,4559396.874502
331,lower,0.022809,-0.003433,0.000620,-0.044692,-0.000004,0.000002,6670.999083,4535.234479,4535234.479353
332,lower,0.023427,-0.003460,0.000619,-0.040858,-0.000004,0.000002,6646.821472,4511.056868,4511056.867958
333,lower,0.024045,-0.003484,0.000618,-0.037208,-0.000004,0.000002,6622.630698,4486.866094,4486866.093607
334,lower,0.024662,-0.003506,0.000616,-0.033731,-0.000004,0.000002,6598.428727,4462.664123,4462664.123169
335,lower,0.025277,-0.003525,0.000615,-0.030416,-0.000004,0.000002,6574.217459,4438.452855,4438452.854739
336,lower,0.025892,-0.003543,0.000614,-0.027252,-0.000004,0.000002,6549.998714,4414.234110,4414234.109966
337,lower,0.026505,-0.003559,0.000613,-0.024232,-0.000004,0.000002,6525.774244,4390.009640,4390009.640465
338,lower,0.027118,-0.003573,0.000612,-0.021347,-0.000004,0.000002,6501.545725,4365.781121,4365781.120972
339,lower,0.027730,-0.003585,0.000611,-0.018589,-0.000004,0.000002,6477.314777,4341.550173,4341550.172870
340,lower,0.028341,-0.003596,0.000611,-0.015952,-0.000004,0.000002,6453.082935,4317.318331,4317318.331245
341,lower,0.028951,-0.003605,0.000610,-0.013428,-0.000004,0.000002,6428.851694,4293.087090,4293087.090199
342,lower,0.029560,-0.003612,0.000609,-0.011012,-0.000004,0.000002,6404.622468,4268.857864,4268857.864007
343,lower,0.030168,-0.003618,0.000608,-0.008699,-0.000004,0.000002,6380.396619,4244.632015,4244632.015010
344,lower,0.030776,-0.003623,0.000607,-0.006482,-0.000004,0.000002,6356.175457,4220.410853,4220410.853055
345,lower,0.031383,-0.003626,0.000606,-0.004359,-0.000004,0.000002,6331.960230,4196.195626,4196195.626292
346,lower,0.031989,-0.003628,0.000606,-0.002323,-0.000004,0.000002,6307.752131,4171.987527,4171987.527398
347,lower,0.032594,-0.003629,0.000605,-0.000372,-0.000004,0.000002,6283.552303,4147.787699,4147787.699303
348,lower,0.033199,-0.003628,0.000604,0.001499,-0.000004,0.000002,6259.361840,4123.597236,4123597.236487
349,lower,0.033803,-0.003627,0.000604,0.003294,-0.000004,0.000002,6235.181794,4099.417190,4099417.189894
350,lower,0.034406,-0.003625,0.000603,0.005015,-0.000004,0.000002,6211.013155,4075.248551,4075248.551453
351,lower,0.035009,-0.003621,0.000602,0.006666,-0.000004,0.000002,6186.856878,4051.092274,4051092.274288
352,lower,0.035610,-0.003617,0.000602,0.008250,-0.000004,0.000002,6162.713877,4026.949273,4026949.272646
353,lower,0.036212,-0.003611,0.000601,0.009770,-0.000004,0.000002,6138.585017,4002.820414,4002820.413520
354,lower,0.036813,-0.003605,0.000600,0.011228,-0.000004,0.000002,6114.471124,3978.706520,3978706.520019
355,lower,0.037413,-0.003598,0.000600,0.012627,-0.000004,0.000002,6090.372987,3954.608383,3954608.382573
356,lower,0.038012,-0.003590,0.000599,0.013968,-0.000005,0.000002,6066.291354,3930.526750,3930526.749866
357,lower,0.038611,-0.003581,0.000599,0.015255,-0.000005,0.000002,6042.226936,3906.462332,3906462.331608
358,lower,0.039210,-0.003571,0.000598,0.016489,-0.000005,0.000002,6018.180413,3882.415809,3882415.809151
359,lower,0.039807,-0.003561,0.000598,0.017672,-0.000005,0.000002,5994.152430,3858.387826,3858387.825885
360,lower,0.040405,-0.003550,0.000597,0.018806,-0.000005,0.000002,5970.143585,3834.378981,3834378.981487
361,lower,0.041002,-0.003539,0.000597,0.019892,-0.000005,0.000002,5946.154466,3810.389862,3810389.862210
362,lower,0.041598,-0.003527,0.000596,0.020933,-0.000005,0.000002,5922.185611,3786.421007,3786421.006720
363,lower,0.042194,-0.003514,0.000596,0.021930,-0.000005,0.000002,5898.237536,3762.472932,3762472.932136
364,lower,0.042789,-0.003500,0.000595,0.022884,-0.000005,0.000002,5874.310724,3738.546120,3738546.119752
365,lower,0.043384,-0.003487,0.000595,0.023798,-0.000005,0.000002,5850.405637,3714.641033,3714641.032805
366,lower,0.043978,-0.003472,0.000594,0.024671,-0.000005,0.000002,5826.522694,3690.758090,3690758.089939
367,lower,0.044572,-0.003457,0.000594,0.025505,-0.000005,0.000002,5802.662307,3666.897703,3666897.702912
368,lower,0.045165,-0.003442,0.000593,0.026302,-0.000005,0.000002,5778.824842,3643.060238,3643060.237831
369,lower,0.045758,-0.003426,0.000593,0.027063,-0.000005,0.000002,5755.010657,3619.246053,3619246.052675
370,lower,0.046351,-0.003410,0.000593,0.027789,-0.000005,0.000002,5731.220066,3595.455462,3595455.462432
371,lower,0.046943,-0.003393,0.000592,0.028481,-0.000005,0.000002,5707.453384,3571.688780,3571688.780481
372,lower,0.047534,-0.003376,0.000592,0.029139,-0.000005,0.000002,5683.710876,3547.946272,3547946.271575
373,lower,0.048126,-0.003359,0.000591,0.029766,-0.000005,0.000002,5659.992805,3524.228201,3524228.201106
374,lower,0.048716,-0.003341,0.000591,0.030361,-0.000005,0.000002,5636.299400,3500.534796,3500534.796030
375,lower,0.049307,-0.003323,0.000591,0.030926,-0.000005,0.000002,5612.630874,3476.866270,3476866.269930
376,lower,0.049897,-0.003304,0.000590,0.031461,-0.000005,0.000002,5588.987420,3453.222816,3453222.815941
377,lower,0.050487,-0.003286,0.000590,0.031967,-0.000005,0.000002,5565.369200,3429.604596,3429604.595658
378,lower,0.051076,-0.003267,0.000589,0.032446,-0.000005,0.000002,5541.776372,3406.011768,3406011.768009
379,lower,0.051665,-0.003247,0.000589,0.032897,-0.000005,0.000002,5518.209062,3382.444458,3382444.458039
380,lower,0.052254,-0.003228,0.000589,0.033322,-0.000005,0.000002,5494.667386,3358.902782,3358902.781729
381,lower,0.052842,-0.003208,0.000588,0.033721,-0.000005,0.000002,5471.151435,3335.386831,3335386.830743
382,lower,0.053430,-0.003188,0.000588,0.034094,-0.000005,0.000002,5447.661285,3311.896681,3311896.681136
383,lower,0.054017,-0.003168,0.000588,0.034443,-0.000005,0.000002,5424.196994,3288.432390,3288432.390036
384,lower,0.054604,-0.003148,0.000587,0.034768,-0.000005,0.000002,5400.758604,3264.994000,3264994.000293
385,lower,0.055191,-0.003127,0.000587,0.035070,-0.000005,0.000002,5377.346141,3241.581537,3241581.537114
386,lower,0.055778,-0.003107,0.000587,0.035348,-0.000005,0.000002,5353.959609,3218.195005,3218195.004675
387,lower,0.056364,-0.003086,0.000586,0.035605,-0.000005,0.000002,5330.599003,3194.834399,3194834.398666
388,lower,0.056950,-0.003065,0.000586,0.035839,-0.000005,0.000002,5307.264299,3171.499695,3171499.694867
389,lower,0.057536,-0.003044,0.000586,0.036052,-0.000005,0.000002,5283.955458,3148.190854,3148190.853666
390,lower,0.058121,-0.003023,0.000586,0.036245,-0.000005,0.000002,5260.672429,3124.907825,3124907.824559
391,lower,0.058706,-0.003001,0.000585,0.036416,-0.000005,0.000002,5237.415143,3101.650539,3101650.538655
392,lower,0.059291,-0.002980,0.000585,0.036568,-0.000005,0.000002,5214.183517,3078.418913,3078418.913122
393,lower,0.059876,-0.002959,0.000585,0.036701,-0.000006,0.000002,5190.977456,3055.212852,3055212.851645
394,lower,0.060460,-0.002937,0.000585,0.036814,-0.000006,0.000002,5167.796853,3032.032249,3032032.248838
395,lower,0.061044,-0.002916,0.000584,0.036908,-0.000006,0.000002,5144.641579,3008.876975,3008876.974758
396,lower,0.061628,-0.002894,0.000584,0.036984,-0.000006,0.000002,5121.511507,2985.746903,2985746.903060
397,lower,0.062211,-0.002872,0.000584,0.037042,-0.000006,0.000002,5098.406480,2962.641876,2962641.875732
398,lower,0.062794,-0.002851,0.000583,0.037083,-0.000006,0.000002,5075.326343,2939.561739,2939561.739108
399,lower,0.063377,-0.002829,0.000583,0.037106,-0.000006,0.000002,5052.270917,2916.506313,2916506.312544
400,lower,0.063960,-0.002808,0.000583,0.037112,-0.000006,0.000002,5029.240024,2893.475420,2893475.420403
401,lower,0.064542,-0.002786,0.000583,0.037102,-0.000006,0.000002,5006.233461,2870.468857,2870468.856813
402,lower,0.065125,-0.002764,0.000583,0.037075,-0.000006,0.000002,4983.251025,2847.486422,2847486.421524
403,lower,0.065707,-0.002743,0.000582,0.037033,-0.000006,0.000002,4960.292489,2824.527885,2824527.884695
404,lower,0.066288,-0.002721,0.000582,0.036974,-0.000006,0.000002,4937.357631,2801.593027,2801593.026643
405,lower,0.066870,-0.002700,0.000582,0.036900,-0.000006,0.000002,4914.446199,2778.681595,2778681.594752
406,lower,0.067451,-0.002678,0.000582,0.036811,-0.000006,0.000002,4891.557947,2755.793343,2755793.343142
407,lower,0.068033,-0.002657,0.000581,0.036708,-0.000006,0.000002,4868.692609,2732.928005,2732928.005371
408,lower,0.068614,-0.002636,0.000581,0.036589,-0.000006,0.000002,4845.849914,2710.085310,2710085.310435
409,lower,0.069194,-0.002614,0.000581,0.036456,-0.000006,0.000002,4823.029575,2687.264971,2687264.971212
410,lower,0.069775,-0.002593,0.000581,0.036309,-0.000006,0.000002,4800.231304,2664.466700,2664466.700410
411,lower,0.070355,-0.002572,0.000581,0.036148,-0.000006,0.000002,4777.454791,2641.690187,2641690.187248
412,lower,0.070935,-0.002551,0.000580,0.035974,-0.000006,0.000002,4754.699725,2618.935121,2618935.121231
413,lower,0.071515,-0.002530,0.000580,0.035786,-0.000006,0.000002,4731.965785,2596.201181,2596201.180579
414,lower,0.072095,-0.002510,0.000580,0.035585,-0.000006,0.000002,4709.252640,2573.488036,2573488.036356
415,lower,0.072675,-0.002489,0.000580,0.035371,-0.000006,0.000002,4686.559945,2550.795341,2550795.340915
416,lower,0.073254,-0.002469,0.000580,0.035144,-0.000006,0.000002,4663.887352,2528.122748,2528122.747683
417,lower,0.073834,-0.002448,0.000580,0.034905,-0.000006,0.000002,4641.234500,2505.469896,2505469.895699
418,lower,0.074413,-0.002428,0.000579,0.034653,-0.000006,0.000002,4618.601025,2482.836421,2482836.421499
419,lower,0.074992,-0.002408,0.000579,0.034389,-0.000006,0.000002,4595.986548,2460.221944,2460221.943664
420,lower,0.075571,-0.002388,0.000579,0.034113,-0.000006,0.000002,4573.390683,2437.626079,2437626.078646
421,lower,0.076149,-0.002369,0.000579,0.033825,-0.000006,0.000002,4550.813037,2415.048433,2415048.433099
422,lower,0.076728,-0.002349,0.000579,0.033525,-0.000006,0.000002,4528.253212,2392.488608,2392488.607931
423,lower,0.077306,-0.002330,0.000579,0.033214,-0.000006,0.000002,4505.710795,2369.946191,2369946.190669
424,lower,0.077884,-0.002311,0.000578,0.032892,-0.000006,0.000002,4483.185367,2347.420763,2347420.763412
425,lower,0.078463,-0.002292,0.000578,0.032558,-0.000006,0.000002,4460.676507,2324.911903,2324911.902967
426,lower,0.079041,-0.002273,0.000578,0.032214,-0.000006,0.000002,4438.183777,2302.419173,2302419.173198
427,lower,0.079618,-0.002255,0.000578,0.031859,-0.000006,0.000002,4415.706741,2279.942137,2279942.136845
428,lower,0.080196,-0.002236,0.000578,0.031493,-0.000006,0.000002,4393.244940,2257.480336,2257480.336194
429,lower,0.080774,-0.002218,0.000578,0.031116,-0.000006,0.000002,4370.797928,2235.033324,2235033.324331
430,lower,0.081351,-0.002200,0.000578,0.030730,-0.000006,0.000002,4348.365238,2212.600634,2212600.634150
431,lower,0.081928,-0.002183,0.000578,0.030332,-0.000006,0.000002,4325.946398,2190.181794,2190181.794021
432,lower,0.082506,-0.002165,0.000577,0.029925,-0.000006,0.000002,4303.540928,2167.776324,2167776.324034
433,lower,0.083083,-0.002148,0.000577,0.029508,-0.000006,0.000002,4281.148344,2145.383740,2145383.739981
434,lower,0.083660,-0.002131,0.000577,0.029081,-0.000006,0.000002,4258.768157,2123.003553,2123003.553465
435,lower,0.084237,-0.002115,0.000577,0.028644,-0.000006,0.000002,4236.399864,2100.635260,2100635.260371
436,lower,0.084814,-0.002098,0.000577,0.028198,-0.000006,0.000001,4214.042957,2078.278353,2078278.352607
437,lower,0.085390,-0.002082,0.000577,0.027742,-0.000006,0.000001,4191.696926,2055.932322,2055932.322072
438,lower,0.085967,-0.002066,0.000577,0.027277,-0.000006,0.000001,4169.361253,2033.596649,2033596.649134
439,lower,0.086543,-0.002051,0.000577,0.026803,-0.000006,0.000001,4147.035407,2011.270803,2011270.802730
440,lower,0.087120,-0.002035,0.000577,0.026320,-0.000006,0.000001,4124.718856,1988.954252,1988954.252055
441,lower,0.087696,-0.002020,0.000576,0.025827,-0.000006,0.000001,4102.411059,1966.646455,1966646.455058
442,lower,0.088272,-0.002006,0.000576,0.025326,-0.000006,0.000001,4080.111474,1944.346870,1944346.870129
443,lower,0.088849,-0.001991,0.000576,0.024816,-0.000006,0.000001,4057.819549,1922.054945,1922054.944570
444,lower,0.089425,-0.001977,0.000576,0.024297,-0.000006,0.000001,4035.534715,1899.770111,1899770.110824
445,lower,0.090001,-0.001963,0.000576,0.023770,-0.000006,0.000001,4013.256418,1877.491814,1877491.813615
446,lower,0.090577,-0.001950,0.000576,0.023235,-0.000006,0.000001,3990.984083,1855.219479,1855219.479081
447,lower,0.091153,-0.001936,0.000576,0.022691,-0.000006,0.000001,3968.717134,1832.952530,1832952.530333
448,lower,0.091728,-0.001924,0.000576,0.022138,-0.000006,0.000001,3946.454984,1810.690380,1810690.379788
449,lower,0.092304,-0.001911,0.000576,0.021578,-0.000006,0.000001,3924.197045,1788.432441,1788432.440840
450,lower,0.092880,-0.001899,0.000576,0.021010,-0.000006,0.000001,3901.942720,1766.178116,1766178.116318
451,lower,0.093455,-0.001887,0.000576,0.020433,-0.000006,0.000001,3879.691410,1743.926806,1743926.806292
452,lower,0.094031,-0.001875,0.000576,0.019849,-0.000006,0.000001,3857.442508,1721.677904,1721677.904277
453,lower,0.094606,-0.001864,0.000576,0.019257,-0.000006,0.000001,3835.195397,1699.430793,1699430.793429
454,lower,0.095182,-0.001853,0.000576,0.018657,-0.000006,0.000001,3812.949462,1677.184858,1677184.858205
455,lower,0.095757,-0.001842,0.000575,0.018050,-0.000006,0.000001,3790.704077,1654.939473,1654939.472802
456,lower,0.096333,-0.001832,0.000575,0.017435,-0.000006,0.000001,3768.458613,1632.694009,1632694.008975
457,lower,0.096908,-0.001822,0.000575,0.016813,-0.000006,0.000001,3746.212428,1610.447824,1610447.824492
458,lower,0.097483,-0.001813,0.000575,0.016183,-0.000006,0.000001,3723.964898,1588.200294,1588200.294106
459,lower,0.098059,-0.001804,0.000575,0.015546,-0.000006,0.000001,3701.715340,1565.950736,1565950.736140
460,lower,0.098634,-0.001795,0.000575,0.014902,-0.000006,0.000001,3679.463144,1543.698540,1543698.540164
461,lower,0.099209,-0.001787,0.000575,0.014251,-0.000006,0.000001,3657.207636,1521.443032,1521443.031679
462,lower,0.099784,-0.001779,0.000575,0.013592,-0.000006,0.000001,3634.948134,1499.183530,1499183.530178
463,lower,0.100359,-0.001771,0.000575,0.012927,-0.000006,0.000001,3612.683953,1476.919349,1476919.349184
464,lower,0.100934,-0.001764,0.000575,0.012255,-0.000006,0.000001,3590.414516,1454.649912,1454649.912442
465,lower,0.101509,-0.001757,0.000575,0.011576,-0.000006,0.000001,3568.139010,1432.374406,1432374.405541
466,lower,0.102085,-0.001750,0.000575,0.010891,-0.000006,0.000001,3545.856845,1410.092241,1410092.240587
467,lower,0.102660,-0.001744,0.000575,0.010198,-0.000006,0.000001,3523.567312,1387.802708,1387802.707695
468,lower,0.103235,-0.001739,0.000575,0.009500,-0.000006,0.000001,3501.269695,1365.505091,1365505.091260
469,lower,0.103810,-0.001733,0.000575,0.008794,-0.000006,0.000001,3478.963313,1343.198709,1343198.708734
470,lower,0.104385,-0.001729,0.000575,0.008082,-0.000006,0.000001,3456.647437,1320.882833,1320882.833099
471,lower,0.104960,-0.001724,0.000575,0.007364,-0.000006,0.000001,3434.321413,1298.556809,1298556.809348
472,lower,0.105534,-0.001720,0.000575,0.006640,-0.000006,0.000001,3411.984426,1276.219822,1276219.821593
473,lower,0.106109,-0.001717,0.000575,0.005909,-0.000006,0.000001,3389.635847,1253.871243,1253871.242563
474,lower,0.106684,-0.001713,0.000575,0.005172,-0.000006,0.000001,3367.274888,1231.510284,1231510.284059
475,lower,0.107259,-0.001711,0.000575,0.004429,-0.000006,0.000001,3344.900873,1209.136269,1209136.269061
476,lower,0.107834,-0.001708,0.000575,0.003679,-0.000006,0.000001,3322.513002,1186.748398,1186748.398365
477,lower,0.108409,-0.001706,0.000575,0.002924,-0.000006,0.000001,3300.110588,1164.345984,1164345.984110
478,lower,0.108984,-0.001705,0.000575,0.002163,-0.000006,0.000001,3277.692859,1141.928255,1141928.255186
479,lower,0.109559,-0.001704,0.000575,0.001396,-0.000006,0.000001,3255.259078,1119.494474,1119494.474071
480,lower,0.110134,-0.001703,0.000575,0.000623,-0.000006,0.000001,3232.808463,1097.043859,1097043.858903
481,lower,0.110709,-0.001703,0.000575,-0.000155,-0.000006,0.000001,3210.340305,1074.575701,1074575.700626
482,lower,0.111284,-0.001703,0.000575,-0.000940,-0.000006,0.000001,3187.853772,1052.089168,1052089.167697
483,lower,0.111859,-0.001704,0.000575,-0.001729,-0.000006,0.000001,3165.348145,1029.583541,1029583.540596
484,lower,0.112434,-0.001705,0.000575,-0.002525,-0.000006,0.000001,3142.822620,1007.058016,1007058.016353
485,lower,0.113009,-0.001707,0.000575,-0.003326,-0.000006,0.000001,3120.276469,984.511865,984511.865144
486,lower,0.113584,-0.001709,0.000575,-0.004133,-0.000006,0.000001,3097.708799,961.944195,961944.195144
487,lower,0.114159,-0.001712,0.000575,-0.004944,-0.000006,0.000001,3075.118949,939.354345,939354.344760
488,lower,0.114734,-0.001715,0.000575,-0.005762,-0.000006,0.000001,3052.506016,916.741412,916741.411737
489,lower,0.115310,-0.001718,0.000575,-0.006584,-0.000006,0.000001,3029.869289,894.104685,894104.685188
490,lower,0.115885,-0.001723,0.000575,-0.007412,-0.000006,0.000001,3007.207896,871.443292,871443.291817
491,lower,0.116460,-0.001727,0.000575,-0.008245,-0.000006,0.000001,2984.521036,848.756432,848756.431933
492,lower,0.117035,-0.001732,0.000575,-0.009084,-0.000006,0.000001,2961.807944,826.043340,826043.340301
493,lower,0.117610,-0.001737,0.000575,-0.009927,-0.000006,0.000001,2939.067772,803.303168,803303.167801
494,lower,0.118186,-0.001743,0.000575,-0.010775,-0.000006,0.000001,2916.299704,780.535100,780535.099775
495,lower,0.118761,-0.001750,0.000575,-0.011629,-0.000006,0.000001,2893.502881,757.738277,757738.276968
496,lower,0.119336,-0.001757,0.000575,-0.012487,-0.000006,0.000001,2870.676518,734.911914,734911.914409
497,lower,0.119915,-0.001764,0.000581,-0.013676,-0.000006,0.000001,2847.588771,711.824167,711824.166657
498,lower,0.120500,-0.001773,0.000590,-0.014438,-0.000006,0.000001,2824.122706,688.358102,688358.102444
499,lower,0.121090,-0.001781,0.000590,-0.014490,-0.000006,0.000001,2800.624075,664.859471,664859.470723
500,lower,0.121680,-0.001790,0.000590,-0.014547,-0.000006,0.000001,2777.092742,641.328138,641328.137817
501,lower,0.122270,-0.001798,0.000590,-0.014608,-0.000006,0.000001,2753.528649,617.764045,617764.045487
502,lower,0.122860,-0.001807,0.000590,-0.014673,-0.000006,0.000001,2729.931695,594.167091,594167.091412
503,lower,0.123450,-0.001816,0.000590,-0.014743,-0.000006,0.000001,2706.301813,570.537209,570537.209114
504,lower,0.124041,-0.001824,0.000590,-0.014817,-0.000006,0.000001,2682.638892,546.874288,546874.288028
505,lower,0.124631,-0.001833,0.000590,-0.014895,-0.000006,0.000001,2658.942858,523.178254,523178.253598
506,lower,0.125221,-0.001842,0.000590,-0.014978,-0.000006,0.000001,2635.213551,499.448947,499448.946921
507,lower,0.125811,-0.001851,0.000590,-0.015065,-0.000006,0.000001,2611.450889,475.686285,475686.285391
508,lower,0.126401,-0.001860,0.000590,-0.015156,-0.000006,0.000001,2587.654787,451.890183,451890.182550
509,lower,0.126992,-0.001869,0.000590,-0.015251,-0.000006,0.000001,2563.825112,428.060508,428060.507760
510,lower,0.127582,-0.001878,0.000590,-0.015350,-0.000006,0.000001,2539.961730,404.197126,404197.126420
511,lower,0.128172,-0.001887,0.000590,-0.015453,-0.000005,0.000001,2516.064585,380.299981,380299.980940
512,lower,0.128763,-0.001896,0.000590,-0.015560,-0.000005,0.000001,2492.133452,356.368848,356368.848072
513,lower,0.129353,-0.001905,0.000591,-0.015671,-0.000005,0.000001,2468.168267,332.403663,332403.662724
514,lower,0.129944,-0.001915,0.000591,-0.015786,-0.000005,0.000001,2444.168879,308.404275,308404.275035
515,lower,0.130534,-0.001924,0.000591,-0.015905,-0.000005,0.000001,2420.135176,284.370572,284370.572023
516,lower,0.131125,-0.001933,0.000591,-0.016028,-0.000005,0.000001,2396.067000,260.302396,260302.396383
517,lower,0.131715,-0.001943,0.000591,-0.016155,-0.000005,0.000001,2371.964191,236.199587,236199.587090
518,lower,0.132306,-0.001952,0.000591,-0.016285,-0.000005,0.000001,2347.826624,212.062020,212062.020258
519,lower,0.132897,-0.001962,0.000591,-0.016420,-0.000005,0.000001,2323.654132,187.889528,187889.527606
520,lower,0.133487,-0.001972,0.000591,-0.016557,-0.000005,0.000001,2299.446582,163.681978,163681.978194
521,lower,0.134078,-0.001982,0.000591,-0.016699,-0.000005,0.000001,2275.203842,139.439238,139439.237639
522,lower,0.134669,-0.001992,0.000591,-0.016844,-0.000005,0.000001,2250.925690,115.161086,115161.085974
523,lower,0.135260,-0.002002,0.000591,-0.016993,-0.000005,0.000001,2226.611986,90.847382,90847.381784
524,lower,0.135851,-0.002012,0.000591,-0.017146,-0.000005,0.000001,2202.262543,66.497939,66497.939124
525,lower,0.136442,-0.002022,0.000591,-0.017301,-0.000005,0.000001,2177.877255,42.112651,42112.651070
526,lower,0.137033,-0.002032,0.000591,-0.017461,-0.000005,0.000001,2153.455888,17.691284,17691.283618
527,lower,0.137624,-0.002042,0.000591,-0.017624,-0.000005,0.000001,2128.998327,-6.766277,-6766.276709
528,lower,0.138215,-0.002053,0.000591,-0.017790,-0.000005,0.000001,2104.504333,-31.260271,-31260.270732
529,lower,0.138806,-0.002063,0.000591,-0.017960,-0.000005,0.000001,2079.973703,-55.790901,-55790.901353
530,lower,0.139397,-0.002074,0.000591,-0.018133,-0.000005,0.000001,2055.406354,-80.358250,-80358.250200
531,lower,0.139988,-0.002085,0.000591,-0.018310,-0.000005,0.000001,2030.801994,-104.962610,-104962.609711
532,lower,0.140579,-0.002096,0.000591,-0.018489,-0.000005,0.000001,2006.160495,-129.604109,-129604.109313
533,lower,0.141171,-0.002107,0.000591,-0.018672,-0.000005,0.000001,1981.481639,-154.282965,-154282.964827
534,lower,0.141762,-0.002118,0.000591,-0.018859,-0.000005,0.000001,1956.765209,-178.999395,-178999.395316
535,lower,0.142353,-0.002129,0.000592,-0.019048,-0.000005,0.000001,1932.011023,-203.753581,-203753.581240
536,lower,0.142945,-0.002140,0.000592,-0.019241,-0.000005,0.000001,1907.218898,-228.545706,-228545.706039
537,lower,0.143536,-0.002152,0.000592,-0.019437,-0.000005,0.000001,1882.388564,-253.376040,-253376.040106
538,lower,0.144128,-0.002163,0.000592,-0.019636,-0.000005,0.000001,1857.519915,-278.244689,-278244.689061
539,lower,0.144719,-0.002175,0.000592,-0.019838,-0.000005,0.000001,1832.612632,-303.151972,-303151.971533
540,lower,0.145311,-0.002187,0.000592,-0.020043,-0.000005,0.000001,1807.666563,-328.098041,-328098.041016
541,lower,0.145903,-0.002199,0.000592,-0.020251,-0.000005,0.000001,1782.681424,-353.083180,-353083.180382
542,lower,0.146495,-0.002211,0.000592,-0.020462,-0.000005,0.000001,1757.657097,-378.107507,-378107.506625
543,lower,0.147086,-0.002223,0.000592,-0.020676,-0.000005,0.000001,1732.593253,-403.171351,-403171.350903
544,lower,0.147678,-0.002235,0.000592,-0.020893,-0.000005,0.000001,1707.489768,-428.274836,-428274.835729
545,lower,0.148270,-0.002248,0.000592,-0.021113,-0.000005,0.000001,1682.346306,-453.418298,-453418.298391
546,lower,0.148862,-0.002260,0.000592,-0.021336,-0.000005,0.000001,1657.162695,-478.601909,-478601.909393
547,lower,0.149454,-0.002273,0.000592,-0.021562,-0.000005,0.000001,1631.938677,-503.825927,-503825.926984
548,lower,0.150046,-0.002286,0.000592,-0.021790,-0.000004,0.000001,1606.674034,-529.090570,-529090.569695
549,lower,0.150638,-0.002299,0.000592,-0.022022,-0.000004,0.000001,1581.368545,-554.396059,-554396.058734
550,lower,0.151230,-0.002312,0.000592,-0.022256,-0.000004,0.000001,1556.021900,-579.742704,-579742.703561
551,lower,0.151822,-0.002325,0.000592,-0.022493,-0.000004,0.000000,1530.633916,-605.130688,-605130.688157
552,lower,0.152415,-0.002339,0.000592,-0.022732,-0.000004,0.000000,1505.204319,-630.560285,-630560.284767
553,lower,0.153007,-0.002352,0.000593,-0.022975,-0.000004,0.000000,1479.732836,-656.031768,-656031.768449
554,lower,0.153599,-0.002366,0.000593,-0.023220,-0.000004,0.000000,1454.219230,-681.545374,-681545.374001
555,lower,0.154192,-0.002380,0.000593,-0.023467,-0.000004,0.000000,1428.663265,-707.101339,-707101.338753
556,lower,0.154784,-0.002394,0.000593,-0.023718,-0.000004,0.000000,1403.064658,-732.699946,-732699.945819
557,lower,0.155377,-0.002408,0.000593,-0.023970,-0.000004,0.000000,1377.423166,-758.341438,-758341.437789
558,lower,0.155969,-0.002422,0.000593,-0.024226,-0.000004,0.000000,1351.738501,-784.026103,-784026.103032
559,lower,0.156562,-0.002436,0.000593,-0.024484,-0.000004,0.000000,1326.010415,-809.754189,-809754.189247
560,lower,0.157155,-0.002451,0.000593,-0.024744,-0.000004,0.000000,1300.238614,-835.525990,-835525.990080
561,lower,0.157748,-0.002466,0.000593,-0.025007,-0.000004,0.000000,1274.422889,-861.341715,-861341.714718
562,lower,0.158340,-0.002481,0.000593,-0.025272,-0.000004,0.000000,1248.562899,-887.201705,-887201.705391
563,lower,0.158933,-0.002496,0.000593,-0.025540,-0.000004,0.000000,1222.658384,-913.106220,-913106.219791
564,lower,0.159526,-0.002511,0.000593,-0.025810,-0.000004,0.000000,1196.709086,-939.055518,-939055.517993
565,lower,0.160119,-0.002526,0.000593,-0.026083,-0.000004,0.000000,1170.714698,-965.049906,-965049.906256
566,lower,0.160712,-0.002542,0.000593,-0.026358,-0.000004,0.000000,1144.674954,-991.089649,-991089.649488
567,lower,0.161305,-0.002558,0.000593,-0.026635,-0.000004,0.000000,1118.589545,-1017.175059,-1017175.058889
568,lower,0.161899,-0.002574,0.000593,-0.026915,-0.000004,0.000000,1092.458244,-1043.306360,-1043306.360111
569,lower,0.162492,-0.002590,0.000593,-0.027197,-0.000004,0.000000,1066.280647,-1069.483957,-1069483.957281
570,lower,0.163085,-0.002606,0.000594,-0.027481,-0.000004,0.000000,1040.056612,-1095.707992,-1095707.992360
571,lower,0.163679,-0.002622,0.000594,-0.027767,-0.000004,0.000000,1013.785685,-1121.978919,-1121978.918704
572,lower,0.164272,-0.002639,0.000594,-0.028056,-0.000004,0.000000,987.467722,-1148.296882,-1148296.882441
573,lower,0.164865,-0.002656,0.000594,-0.028347,-0.000004,0.000000,961.102306,-1174.662298,-1174662.297635
574,lower,0.165459,-0.002672,0.000594,-0.028639,-0.000004,0.000000,934.689156,-1201.075448,-1201075.447792
575,lower,0.166053,-0.002690,0.000594,-0.028935,-0.000003,0.000000,908.228030,-1227.536574,-1227536.574044
576,lower,0.166646,-0.002707,0.000594,-0.029232,-0.000003,0.000000,881.718551,-1254.046053,-1254046.053303
577,lower,0.167240,-0.002724,0.000594,-0.029531,-0.000003,0.000000,855.160473,-1280.604131,-1280604.130951
578,lower,0.167834,-0.002742,0.000594,-0.029832,-0.000003,0.000000,828.553460,-1307.211144,-1307211.143829
579,lower,0.168428,-0.002760,0.000594,-0.030136,-0.000003,0.000000,801.897173,-1333.867431,-1333867.431076
580,lower,0.169022,-0.002778,0.000594,-0.030441,-0.000003,0.000000,775.191315,-1360.573289,-1360573.289211
581,lower,0.169616,-0.002796,0.000594,-0.030749,-0.000003,0.000000,748.435542,-1387.329062,-1387329.061816
582,lower,0.170210,-0.002814,0.000594,-0.031058,-0.000003,0.000000,721.629599,-1414.135005,-1414135.004547
583,lower,0.170804,-0.002833,0.000594,-0.031370,-0.000003,0.000000,694.773139,-1440.991465,-1440991.465184
584,lower,0.171398,-0.002852,0.000595,-0.031683,-0.000003,0.000000,667.865810,-1467.898794,-1467898.793755
585,lower,0.171992,-0.002870,0.000595,-0.031998,-0.000003,0.000000,640.907352,-1494.857252,-1494857.251836
586,lower,0.172587,-0.002890,0.000595,-0.032315,-0.000003,0.000000,613.897320,-1521.867284,-1521867.284388
587,lower,0.173181,-0.002909,0.000595,-0.032635,-0.000003,0.000000,586.835538,-1548.929066,-1548929.066038
588,lower,0.173776,-0.002928,0.000595,-0.032955,-0.000003,0.000000,559.721558,-1576.043046,-1576043.046108
589,lower,0.174370,-0.002948,0.000595,-0.033278,-0.000003,0.000000,532.555064,-1603.209540,-1603209.539572
590,lower,0.174965,-0.002968,0.000595,-0.033603,-0.000003,0.000000,505.335786,-1630.428818,-1630428.817526
591,lower,0.175559,-0.002988,0.000595,-0.033929,-0.000003,0.000000,478.063314,-1657.701290,-1657701.290220
592,lower,0.176154,-0.003008,0.000595,-0.034257,-0.000003,0.000000,450.737371,-1685.027233,-1685027.232505
593,lower,0.176749,-0.003029,0.000595,-0.034587,-0.000003,0.000000,423.357545,-1712.407059,-1712407.058817
594,lower,0.177344,-0.003050,0.000595,-0.034918,-0.000003,0.000000,395.923556,-1739.841048,-1739841.047659
595,lower,0.177939,-0.003070,0.000595,-0.035252,-0.000003,0.000000,368.435033,-1767.329571,-1767329.571421
596,lower,0.178534,-0.003091,0.000595,-0.035587,-0.000002,0.000000,340.891646,-1794.872958,-1794872.958293
597,lower,0.179129,-0.003113,0.000595,-0.035923,-0.000002,0.000000,313.293019,-1822.471585,-1822471.584592
598,lower,0.179713,-0.003134,0.000574,-0.036261,-0.000002,0.000000,286.635163,-1849.129441,-1849129.441381
600,spar,0.180000,-0.003006,0.000277,1.570796,-0.000002,0.000000,273.869131,-1861.895473,-1861895.472767
601,spar,0.180000,-0.002729,0.000277,1.570796,-0.000002,0.000000,261.303093,-1874.461511,-1874461.510666
602,spar,0.180000,-0.002452,0.000277,1.570796,-0.000002,0.000000,248.937049,-1886.827555,-1886827.554988
603,spar,0.180000,-0.002175,0.000277,1.570796,-0.000002,0.000000,236.770998,-1898.993606,-1898993.605650
604,spar,0.180000,-0.001898,0.000277,1.570796,-0.000002,0.000000,224.804941,-1910.959663,-1910959.663002
605,spar,0.180000,-0.001622,0.000277,1.570796,-0.000002,0.000000,213.038877,-1922.725727,-1922725.726820
606,spar,0.180000,-0.001345,0.000277,1.570796,-0.000002,0.000000,201.472807,-1934.291797,-1934291.797105
607,spar,0.180000,-0.001068,0.000277,1.570796,-0.000002,0.000000,190.106730,-1945.657874,-1945657.873858
608,spar,0.180000,-0.000791,0.000277,1.570796,-0.000002,0.000000,178.940647,-1956.823957,-1956823.957079
609,spar,0.180000,-0.000514,0.000277,1.570796,-0.000002,0.000000,167.974558,-1967.790046,-1967790.046372
610,spar,0.180000,-0.000237,0.000277,1.570796,-0.000002,0.000000,157.208461,-1978.556143,-1978556.142528
611,spar,0.180000,0.000039,0.000277,1.570796,-0.000002,0.000000,146.642359,-1989.122245,-1989122.245153
612,spar,0.180000,0.000316,0.000277,1.570796,-0.000002,0.000000,136.276250,-1999.488354,-1999488.354245
613,spar,0.180000,0.000593,0.000277,1.570796,-0.000002,0.000000,126.110134,-2009.654470,-2009654.469805
614,spar,0.180000,0.000870,0.000277,1.570796,-0.000002,0.000000,116.144012,-2019.620592,-2019620.591831
615,spar,0.180000,0.001147,0.000277,1.570796,-0.000002,0.000000,106.377884,-2029.386720,-2029386.719974
616,spar,0.180000,0.001424,0.000277,1.570796,-0.000002,-0.000000,96.811749,-2038.952855,-2038952.854941
617,spar,0.180000,0.001700,0.000277,1.570796,-0.000002,-0.000000,87.445608,-2048.318996,-2048318.996373
618,spar,0.180000,0.001977,0.000277,1.570796,-0.000002,-0.000000,78.279460,-2057.485144,-2057485.144273
619,spar,0.180000,0.002254,0.000277,1.570796,-0.000002,-0.000000,69.313305,-2066.451299,-2066451.298639
620,spar,0.180000,0.002531,0.000277,1.570796,-0.000002,-0.000000,60.547145,-2075.217459,-2075217.459471
621,spar,0.180000,0.002808,0.000277,1.570796,-0.000002,-0.000000,51.980978,-2083.783626,-2083783.626461
622,spar,0.180000,0.003085,0.000277,1.570796,-0.000002,-0.000000,43.614804,-2092.149800,-2092149.800231
623,spar,0.180000,0.003362,0.000277,1.570796,-0.000002,-0.000000,35.448624,-2100.315980,-2100315.980471
624,spar,0.180000,0.003638,0.000277,1.570796,-0.000002,-0.000000,27.482437,-2108.282167,-2108282.167177
625,spar,0.180000,0.003915,0.000277,1.570796,-0.000002,-0.000000,19.716244,-2116.048360,-2116048.360351
626,spar,0.180000,0.004192,0.000277,1.570796,-0.000002,-0.000000,12.150044,-2123.614560,-2123614.559990
627,spar,0.180000,0.004469,0.000277,1.570796,-0.000002,-0.000000,4.783838,-2130.980766,-2130980.766097
628,spar,0.180000,0.004746,0.000277,1.570796,-0.000002,-0.000000,-2.382374,-2138.146978,-2138146.978415
629,spar,0.180000,0.005023,0.000277,1.570796,-0.000002,-0.000000,-9.348593,-2145.113197,-2145113.197462
630,spar,0.180000,0.005299,0.000277,1.570796,-0.000002,-0.000000,-16.114819,-2151.879423,-2151879.422975
631,spar,0.180000,0.005576,0.000277,1.570796,-0.000002,-0.000000,-22.681051,-2158.445655,-2158445.654956
632,spar,0.180000,0.005853,0.000277,1.570796,-0.000002,-0.000000,-29.047289,-2164.811893,-2164811.893403
633,spar,0.180000,0.006130,0.000277,1.570796,-0.000002,-0.000000,-35.213534,-2170.978138,-2170978.138316
634,spar,0.180000,0.006407,0.000277,1.570796,-0.000002,-0.000000,-41.179786,-2176.944389,-2176944.389485
635,spar,0.180000,0.006684,0.000277,1.570796,-0.000002,-0.000000,-46.946043,-2182.710647,-2182710.647339
636,spar,0.180000,0.006961,0.000277,1.570796,-0.000002,-0.000000,-52.512307,-2188.276911,-2188276.910855
637,spar,0.180000,0.007237,0.000277,1.570796,-0.000001,-0.000000,-57.878578,-2193.643182,-2193643.181643
638,spar,0.180000,0.007514,0.000277,1.570796,-0.000001,-0.000000,-63.044855,-2198.809459,-2198809.458897
639,spar,0.180000,0.007791,0.000277,1.570796,-0.000001,-0.000000,-68.011139,-2203.775743,-2203775.742617
640,spar,0.180000,0.008068,0.000277,1.570796,-0.000001,-0.000000,-72.777429,-2208.542033,-2208542.032808
641,spar,0.180000,0.008345,0.000277,1.570796,-0.000001,-0.000000,-77.343725,-2213.108329,-2213108.329470
642,spar,0.180000,0.008622,0.000277,1.570796,-0.000001,-0.000000,-81.710029,-2217.474633,-2217474.632597
643,spar,0.180000,0.008898,0.000277,1.570796,-0.000001,-0.000000,-85.876338,-2221.640942,-2221640.942192
644,spar,0.180000,0.009175,0.000277,1.570796,-0.000001,-0.000000,-89.842654,-2225.607258,-2225607.258253
645,spar,0.180000,0.009452,0.000277,1.570796,-0.000001,-0.000000,-93.608977,-2229.373581,-2229373.580781
646,spar,0.180000,0.009729,0.000277,1.570796,-0.000001,-0.000000,-97.175306,-2232.939910,-2232939.909775
647,spar,0.180000,0.010006,0.000277,1.570796,-0.000001,-0.000000,-100.541641,-2236.306245,-2236306.245247
648,spar,0.180000,0.010283,0.000277,1.570796,-0.000001,-0.000000,-103.707983,-2239.472587,-2239472.587197
649,spar,0.180000,0.010560,0.000277,1.570796,-0.000001,-0.000000,-106.674332,-2242.438936,-2242438.935613
650,spar,0.180000,0.010836,0.000277,1.570796,-0.000001,-0.000000,-109.440687,-2245.205290,-2245205.290496
651,spar,0.180000,0.011113,0.000277,1.570796,-0.000001,-0.000000,-112.007048,-2247.771652,-2247771.651845
652,spar,0.180000,0.011390,0.000277,1.570796,-0.000001,-0.000000,-114.373416,-2250.138020,-2250138.019661
653,spar,0.180000,0.011667,0.000277,1.570796,-0.000001,-0.000000,-116.539790,-2252.304394,-2252304.393944
654,spar,0.180000,0.011944,0.000277,1.570796,-0.000001,-0.000000,-118.506171,-2254.270775,-2254270.774693
655,spar,0.180000,0.012221,0.000277,1.570796,-0.000001,-0.000000,-120.272558,-2256.037162,-2256037.161909
656,spar,0.180000,0.012497,0.000277,1.570796,-0.000001,-0.000000,-121.838952,-2257.603556,-2257603.555592
657,spar,0.180000,0.012774,0.000277,1.570796,-0.000001,-0.000000,-123.205352,-2258.969956,-2258969.955741
658,spar,0.180000,0.013051,0.000277,1.570796,-0.000001,-0.000000,-124.371758,-2260.136362,-2260136.362357
659,spar,0.180000,0.013328,0.000277,1.570796,-0.000001,-0.000000,-125.338171,-2261.102775,-2261102.775440
660,spar,0.180000,0.013605,0.000277,1.570796,-0.000001,-0.000000,-126.104591,-2261.869195,-2261869.194989
661,spar,0.180000,0.013882,0.000277,1.570796,-0.000001,-0.000000,-126.671017,-2262.435621,-2262435.621005
662,spar,0.180000,0.014158,0.000277,1.570796,-0.000001,-0.000000,-127.037450,-2262.802053,-2262802.053487
663,spar,0.180000,0.014435,0.000277,1.570796,-0.000001,-0.000000,-127.203888,-2262.968492,-2262968.492437
664,spar,0.180000,0.014712,0.000277,1.570796,-0.000001,-0.000000,-127.170334,-2262.934938,-2262934.937853
665,spar,0.180000,0.014989,0.000277,1.570796,-0.000001,-0.000000,-126.936786,-2262.701390,-2262701.389735
666,spar,0.180000,0.015266,0.000277,1.570796,-0.000001,-0.000000,-126.503244,-2262.267848,-2262267.848084
667,spar,0.180000,0.015543,0.000277,1.570796,-0.000001,-0.000000,-125.869709,-2261.634313,-2261634.312900
668,spar,0.180000,0.015820,0.000277,1.570796,-0.000001,-0.000000,-125.036180,-2260.800784,-2260800.784182
669,spar,0.180000,0.016096,0.000277,1.570796,-0.000001,-0.000000,-124.002658,-2259.767262,-2259767.261932
670,spar,0.180000,0.016373,0.000277,1.570796,-0.000001,-0.000000,-122.769142,-2258.533746,-2258533.746147
671,spar,0.180000,0.016650,0.000277,1.570796,-0.000001,-0.000000,-121.335633,-2257.100237,-2257100.236830
672,spar,0.180000,0.016927,0.000277,1.570796,-0.000001,-0.000000,-119.702130,-2255.466734,-2255466.733979
673,spar,0.180000,0.017204,0.000277,1.570796,-0.000001,-0.000000,-117.868634,-2253.633238,-2253633.237594
674,spar,0.180000,0.017481,0.000277,1.570796,-0.000001,-0.000000,-115.835144,-2251.599748,-2251599.747677
675,spar,0.180000,0.017757,0.000277,1.570796,-0.000001,-0.000000,-113.601660,-2249.366264,-2249366.264226
676,spar,0.180000,0.018034,0.000277,1.570796,-0.000001,-0.000000,-111.168183,-2246.932787,-2246932.787241
677,spar,0.180000,0.018311,0.000277,1.570796,-0.000001,-0.000000,-108.534713,-2244.299317,-2244299.316724
678,spar,0.180000,0.018588,0.000277,1.570796,-0.000001,-0.000000,-105.701249,-2241.465853,-2241465.852673
679,spar,0.180000,0.018865,0.000277,1.570796,-0.000000,-0.000000,-102.667791,-2238.432395,-2238432.395088
680,spar,0.180000,0.019142,0.000277,1.570796,-0.000000,-0.000000,-99.434340,-2235.198944,-2235198.943970
681,spar,0.180000,0.019419,0.000277,1.570796,-0.000000,-0.000000,-96.000895,-2231.765499,-2231765.499319
682,spar,0.180000,0.019695,0.000277,1.570796,-0.000000,-0.000000,-92.367457,-2228.132061,-2228132.061135
683,spar,0.180000,0.019972,0.000277,1.570796,-0.000000,-0.000000,-88.534025,-2224.298629,-2224298.629417
684,spar,0.180000,0.020249,0.000277,1.570796,-0.000000,-0.000000,-84.500600,-2220.265204,-2220265.204166
685,spar,0.180000,0.020526,0.000277,1.570796,-0.000000,-0.000000,-80.267181,-2216.031785,-2216031.785381
686,spar,0.180000,0.020803,0.000277,1.570796,-0.000000,-0.000000,-75.833769,-2211.598373,-2211598.373063
687,spar,0.180000,0.021080,0.000277,1.570796,-0.000000,-0.000000,-71.200363,-2206.964967,-2206964.967212
688,spar,0.180000,0.021356,0.000277,1.570796,-0.000000,-0.000000,-66.366964,-2202.131568,-2202131.567828
689,spar,0.180000,0.021633,0.000277,1.570796,-0.000000,-0.000000,-61.333571,-2197.098175,-2197098.174910
690,spar,0.180000,0.021910,0.000277,1.570796,-0.000000,-0.000000,-56.100184,-2191.864788,-2191864.788459
691,spar,0.180000,0.022187,0.000277,1.570796,-0.000000,-0.000000,-50.666805,-2186.431408,-2186431.408474
692,spar,0.180000,0.022464,0.000277,1.570796,-0.000000,-0.000000,-45.033431,-2180.798035,-2180798.034956
693,spar,0.180000,0.022741,0.000277,1.570796,-0.000000,-0.000000,-39.200064,-2174.964668,-2174964.667905
694,spar,0.180000,0.023018,0.000277,1.570796,-0.000000,-0.000000,-33.166706,-2168.931310,-2168931.309535
695,spar,0.180000,0.023294,0.000277,1.570796,-0.000000,-0.000000,-26.933352,-2162.697955,-2162697.955490
696,spar,0.180000,0.023571,0.000277,1.570796,-0.000000,-0.000000,-20.500004,-2156.264608,-2156264.607911
697,spar,0.180000,0.023848,0.000277,1.570796,-0.000000,-0.000000,-13.866663,-2149.631267,-2149631.266798
698,spar,0.180000,0.024125,0.000277,1.570796,-0.000000,-0.000000,-7.033328,-2142.797932,-2142797.932152
699,spar,0.180000,0.024402,0.000277,1.570796,-0.000000,0.000000,0.000000,-2135.764604,-2135764.603973
