,panel,xm,ym,ds,theta,Qy,Qx,qs
1,upper,0.1798351369999999,0.02457281895,0.00033613678,2.94596987928975,2.8855006753242635e-08,3.911720618310388e-09,8.692651638932979
2,upper,0.179369272,0.0246648209,0.000613588565,2.946968856928433,8.124147180334926e-08,1.1108678993497385e-08,24.722644633667162
3,upper,0.1787672129999999,0.024783185,0.0006135799549999,2.9479702906937084,1.332577904217484e-07,1.837816221864573e-08,40.96131590583424
4,upper,0.178165044,0.02490094405,0.0006135714599999,2.948973191539241,1.8490391516294694e-07,2.571979839020704e-08,57.40769749166374
5,upper,0.177562765,0.02501809705,0.00061356309,2.949977878352632,2.3617979921221323e-07,3.313321516794213e-08,74.0608202547628
6,upper,0.1769603765,0.0251346428,0.0006135548299999,2.950984361486978,2.870853945939511e-07,4.061803935150598e-08,90.91971287529442
7,upper,0.176357879,0.02525058015,0.0006135466799999,2.951992472001199,3.3762065344328804e-07,4.817389708848626e-08,107.98340232608884
8,upper,0.175755273,0.025365908,0.00061353864,2.953002223476852,3.8778552800596156e-07,5.5800413904712886e-08,125.25091395173988
9,upper,0.1751525585,0.0254806251,0.0006135307299999,2.9540143879127947,4.3757997195465106e-07,6.349721486275987e-08,142.7212718131054
10,upper,0.174549736,0.02559473035,0.0006135229299999,2.9550274120262268,4.870039374251851e-07,7.126392415637849e-08,160.39349778458967
11,upper,0.173946806,0.02570822255,0.00061351522,2.956043167644154,5.36057375064651e-07,7.910016503961996e-08,178.26661136666905
12,upper,0.173343768,0.02582110045,0.00061350765,2.957060549041634,5.847402390206456e-07,8.700556068874964e-08,196.339631673091
13,upper,0.1727406225,0.02593336295,0.0006135001799999,2.9580795781588503,6.330524803467516e-07,9.497973314662885e-08,214.61157502248466
14,upper,0.1721373705,0.0260450086999999,0.0006134928099999,2.959100739816629,6.809940505315254e-07,1.0302230367537596e-07,233.08145567335623
15,upper,0.171534012,0.0261560365,0.0006134855599999,2.960123664641801,7.285649024357333e-07,1.111328931124658e-07,251.74828670410486
16,upper,0.170930547,0.0262664451499999,0.00061347842,2.961148723517617,7.757649879358719e-07,1.1931112147930142e-07,270.61107911531917
17,upper,0.170326976,0.0263762333,0.0006134714,2.9621757303744864,8.225942597816448e-07,1.275566081532012e-07,289.6688421810601
18,upper,0.1697232995,0.02648539975,0.0006134644999999,2.963204394941676,8.690526708144347e-07,1.3586897182791736e-07,308.9205833868612
19,upper,0.1691195175,0.02659394315,0.0006134576,2.964235777683292,9.151401646452157e-07,1.442478287821979e-07,328.36530440101745
20,upper,0.1685156305,0.0267018622,0.0006134508999999,2.9652683730976013,9.6085670009855e-07,1.526927972634629e-07,348.0020112303169
21,upper,0.167911639,0.02680915565,0.0006134443999999,2.9663035243550984,1.0062022359455223e-06,1.6120349482963201e-07,367.82970808515506
22,upper,0.1673075425,0.02691582215,0.0006134377999999,2.9673407824011866,1.051176708295497e-06,1.6977953409296979e-07,387.84738746019684
23,upper,0.1667033419999999,0.0270218603,0.0006134313999999,2.9683799054521605,1.0957800758679544e-06,1.7842053101324982e-07,408.054049398305
24,upper,0.1660990379999999,0.02712726875,0.0006134252,2.9694212586968574,1.140012297328571e-06,1.8712610079781035e-07,428.44869198174285
25,upper,0.165494631,0.0272320462,0.0006134188999999,2.970464324409402,1.1838733098382906e-06,1.958958536425432e-07,449.030301344632
26,upper,0.164890121,0.02733619125,0.0006134128999999,2.971510215411255,1.2273630791005611e-06,2.0472940462532386e-07,469.797874861978
27,upper,0.1642855075,0.02743970245,0.0006134069,2.9725582585533594,1.2704815488818955e-06,2.1362636368844964e-07,490.7503976594196
28,upper,0.163680792,0.0275425784,0.0006134011,2.9736078639086205,1.313228677808498e-06,2.225863428482725e-07,511.8868594946536
29,upper,0.1630759745,0.02764481775,0.0006133951999999,2.9746602847576438,1.3556044034203521e-06,2.3160894895305325e-07,533.2062377465132
30,upper,0.162471055,0.027746419,0.0006133896,2.9757147547109453,1.3976086908323002e-06,2.406937938359247e-07,554.70752135399
31,upper,0.1618660345,0.0278473807,0.000613384,2.976771335549836,1.43924148486765e-06,2.4984048406921416e-07,576.3896865935649
32,upper,0.161260913,0.0279477014,0.0006133785999999,2.9778305086311145,1.480502743805171e-06,2.5904862834902885e-07,598.2517145772438
33,upper,0.1606556905,0.0280473796,0.0006133731999999,2.978891951242136,1.5213924122294893e-06,2.683178314996257e-07,620.2925770325788
34,upper,0.1600503675,0.02814641385,0.0006133679,2.979955560757693,1.5619104416393787e-06,2.776476989873752e-07,642.511246999724
35,upper,0.159444945,0.0282448026,0.0006133627999999,2.9810215021609614,1.6020567905122428e-06,2.870378368988073e-07,664.9066987707628
36,upper,0.158839423,0.02834254435,0.0006133576999999,2.982089975541679,1.6418314039943066e-06,2.9648784738792643e-07,687.477897075944
37,upper,0.1582338015,0.02843963755,0.0006133527,2.983160943061481,1.6812342336574887e-06,3.059973332183502e-07,710.2238078989517
38,upper,0.157628081,0.02853608065,0.0006133479,2.9842341813303377,1.7202652375637744e-06,3.155658978019153e-07,733.1433985742653
39,upper,0.157022262,0.0286318721,0.0006133431999999,2.9853099184745155,1.7589243674167963e-06,3.251931420973695e-07,756.2356303689825
40,upper,0.156416345,0.0287270103,0.0006133384,2.986388088530138,1.7972115625616668e-06,3.3487866296175314e-07,779.4994544958414
41,upper,0.15581033,0.0288214937,0.0006133338999999,2.9874688513832903,1.8351267872539573e-06,3.4462206263668405e-07,802.9338349106026
42,upper,0.1552042175,0.02891532065,0.0006133294,2.988552118452628,1.8726699871481983e-06,3.544229376517301e-07,826.5377216402884
43,upper,0.154598008,0.0290084894999999,0.0006133250999999,2.989637979503935,1.9098411203280592e-06,3.6428088674792063e-07,850.3100698301192
44,upper,0.153991702,0.02910099865,0.0006133208,2.9907261882703398,1.9466401328214966e-06,3.7419550451627505e-07,874.2498244290189
45,upper,0.1533853,0.02919284645,0.0006133165999999,2.991817153292532,1.983066976903668e-06,3.8416638617007574e-07,898.3559316817243
46,upper,0.152778802,0.0292840312,0.0006133125,2.9929108733894285,2.0191216046690424e-06,3.9419312591586763e-07,922.6273352154518
47,upper,0.1521722085,0.02937455125,0.0006133086,2.994006946304252,2.0548039741559705e-06,4.0427531862764477e-07,947.0629800870635
48,upper,0.1515655195,0.02946440485,0.0006133047,2.9951063359261,2.0901140315252827e-06,4.144125548624335e-07,971.6618007121064
49,upper,0.150958736,0.0295535903,0.0006133008999999,2.99620744562322,2.1250517292488866e-06,4.246044258042505e-07,996.4227328109238
50,upper,0.1503518585,0.0296421059,0.0006132972,2.997312107573584,2.159617019924398e-06,4.348505216288848e-07,1021.3447094663655
51,upper,0.1497448865,0.0297299498,0.0006132936999999,2.9984194505780986,2.1938098612370237e-06,4.451504330909574e-07,1046.426665004638
52,upper,0.149137821,0.0298171203,0.0006132900999999,2.999529155897212,2.227630194578366e-06,4.555037448977831e-07,1071.6675188272568
53,upper,0.148530663,0.02990361565,0.0006132868,3.000641711766067,2.261077983951874e-06,4.65910047451781e-07,1097.0662040097193
54,upper,0.1479234119999999,0.02998943405,0.0006132834999999,3.0017574812122056,2.294153176329414e-06,4.763689250198131e-07,1122.621638511288
55,upper,0.1473160685,0.03007457365,0.0006132803,3.0028758091357464,2.326855724322833e-06,4.868799624547859e-07,1148.3327415244046
56,upper,0.1467086335,0.03015903255,0.0006132771999999,3.003997282147682,2.3591855809759187e-06,4.974427434764307e-07,1174.198429261902
57,upper,0.146101107,0.030242809,0.0006132741999999,3.0051212881761207,2.3911426991510957e-06,5.080568507629224e-07,1200.2176152282693
58,upper,0.1454934895,0.0303259011,0.0006132712999999,3.006248697439274,2.4227270318359843e-06,5.187218658584936e-07,1226.3892099624873
59,upper,0.1448857815,0.03040830695,0.0006132685,3.007378644115242,2.45393853214335e-06,5.2943736917305e-07,1252.7121210370262
60,upper,0.1442779835,0.0304900247,0.0006132657999999,3.0085118333213545,2.4847771533110245e-06,5.402029400124366e-07,1279.1852531368288
61,upper,0.1436700955,0.0305710524,0.0006132631999999,3.009648102021496,2.515242848395244e-06,5.510181565167293e-07,1305.8075079143823
62,upper,0.143062118,0.0306513881,0.0006132606999999,3.010787397691299,2.545335570577205e-06,5.618825956598346e-07,1332.5777839725843
63,upper,0.142454052,0.03073102985,0.0006132583,3.011929562701619,2.5750552734696467e-06,5.727958332490977e-07,1359.494976847625
64,upper,0.141845898,0.0308099757,0.0006132560999999,3.013074971742947,2.604401915595519e-06,5.837574457123431e-07,1386.5579834370353
65,upper,0.1412376555,0.03088822365,0.0006132538,3.0142238304236453,2.633375440633182e-06,5.947670029170463e-07,1413.7656842988492
66,upper,0.1406293255,0.03096577165,0.0006132516999999,3.015375472277136,2.6619758070484834e-06,6.05824078863924e-07,1441.116970000241
67,upper,0.140020909,0.0310426177,0.0006132496999999,3.016530402584703,2.690202968953206e-06,6.169282445674284e-07,1468.6107235445102
68,upper,0.1394124055,0.0311187598,0.0006132478,3.0176887361365554,2.718056879970502e-06,6.280790698427815e-07,1496.245824831306
69,upper,0.138803816,0.03119419585,0.0006132460999999,3.018850072022817,2.745537498635874e-06,6.392761250701052e-07,1524.0211549764756
70,upper,0.138195141,0.03126892375,0.0006132443,3.0200150131913315,2.772644770165834e-06,6.505189738905593e-07,1551.9355782102084
71,upper,0.1375863809999999,0.0313429414,0.0006132427999999,3.021182964678068,2.7993786577042793e-06,6.618071860018573e-07,1579.9879736257499
72,upper,0.1369775365,0.0314162467,0.0006132413,3.022354518064021,2.8257391112586085e-06,6.731403243395099e-07,1608.1772033604616
73,upper,0.1363686075,0.0314888375,0.0006132398999999,3.0235294436777727,2.851726085074236e-06,6.84517952379091e-07,1636.502130738493
74,upper,0.1357595945,0.0315607116,0.0006132385999999,3.0247079356697832,2.8773395335208834e-06,6.959396322718336e-07,1664.9616156216998
75,upper,0.1351504985,0.0316318668499999,0.0006132375,3.025889453777626,2.9025794155149756e-06,7.074049267445007e-07,1693.554519135071
76,upper,0.13454132,0.0317023011,0.0006132364,3.0270747286350383,2.9274456818045167e-06,7.189133934971049e-07,1722.2796897154522
77,upper,0.1339320595,0.03177201205,0.0006132353999999,3.0282635234437185,2.951938287438398e-06,7.304645907052443e-07,1751.1359768149284
78,upper,0.1333227175,0.03184099745,0.0006132346999999,3.029455909316652,2.976057195455731e-06,7.420580789689201e-07,1780.1222357924496
79,upper,0.132713294,0.0319092551,0.0006132339,3.030651841504083,2.9998023528589055e-06,7.536934100131386e-07,1809.237299690152
80,upper,0.1321037895,0.0319767827,0.0006132332,3.031851502504196,3.023173714762285e-06,7.653701379419864e-07,1838.4800073323797
81,upper,0.1314942049999999,0.03204357795,0.0006132328,3.0330545370594137,3.0461712442112115e-06,7.770878192925175e-07,1867.8492034758017
82,upper,0.1308845415,0.03210963845,0.0006132323999999,3.0342616285301607,3.0687948932479894e-06,7.88846003438788e-07,1897.343714763365
83,upper,0.1302747985,0.0321749619,0.0006132319999999,3.0354722991176657,3.0910446136084094e-06,8.006442383453059e-07,1926.9623641759972
84,upper,0.129664977,0.03223954595,0.000613232,3.036686668533496,3.112920371910745e-06,8.124820782579752e-07,1956.7039903042296
85,upper,0.1290550775,0.0323033882,0.0006132317999999,3.0379049477010547,3.1344221133102945e-06,8.243590644077231e-07,1986.5673989036472
86,upper,0.1284451005,0.0323664862,0.0006132319,3.0391270995722865,3.1555498008614807e-06,8.362747462006848e-07,2016.5514161228457
87,upper,0.127835047,0.0324288375,0.0006132322,3.04035298808214,3.1763033942986484e-06,8.482286696478051e-07,2046.654859425207
88,upper,0.1272249165,0.0324904397,0.0006132323999999,3.041583091117435,3.1966828427135766e-06,8.60220373458536e-07,2076.87652778008
89,upper,0.1266147105,0.0325512902999999,0.0006132328,3.042816599516608,3.216688106087684e-06,8.722494006750522e-07,2107.215230891094
90,upper,0.1260044295,0.03261138675,0.0006132333999999,3.044054809904116,3.236319144342777e-06,8.843152928113837e-07,2137.669774477432
91,upper,0.1253940734999999,0.03267072655,0.0006132341,3.04529643159319,3.2555759138941745e-06,8.964175879096636e-07,2168.238955382686
92,upper,0.1247836434999999,0.03272930715,0.0006132348999999,3.046542595393447,3.274458371587152e-06,9.085558224644812e-07,2198.921566389683
93,upper,0.12417314,0.0327871259,0.0006132358,3.047792659251177,3.2929664743903088e-06,9.207295313611109e-07,2229.716396075387
94,upper,0.123562564,0.0328441802499999,0.0006132367999999,3.049046789146724,3.31110017970212e-06,9.329382479363539e-07,2260.6222289535735
95,upper,0.1229519155,0.0329004676,0.000613238,3.050305286028742,3.3288594476336645e-06,9.451815059439177e-07,2291.637850483511
96,upper,0.122341195,0.03295598525,0.0006132393999999,3.051568026209115,3.34624423823598e-06,9.574588375127667e-07,2322.7620418879737
97,upper,0.1217260424999999,0.03301091095,0.0006219603,3.053500056311349,3.363493658149653e-06,9.6994492706902e-07,2354.4380775845757
98,upper,0.1211035259999999,0.03306514995,0.0006277907999999,3.055855987766787,3.3805139707652305e-06,9.82582116875333e-07,2386.520424571341
99,upper,0.120477975,0.0331182534499999,0.0006278125999999,3.057953846673507,3.397142145610458e-06,9.952530845537506e-07,2418.7114969054383
100,upper,0.119852291,0.0331700451,0.0006278351999999,3.060055889027819,3.4133780925975e-06,1.0079570249826398e-06,2451.0091984115243
101,upper,0.1192264765,0.033220522,0.0006278586,3.062161991835385,3.4292217216975126e-06,1.0206931312549355e-06,2483.411428252208
102,upper,0.1186005335,0.0332696811499999,0.0006278828,3.0642727320318444,3.444672942626295e-06,1.0334605946087697e-06,2515.9160807635353
103,upper,0.1179744635,0.0333175195,0.0006279077999999,3.0663878243071534,3.459731664529917e-06,1.0462586043894685e-06,2548.521045372324
104,upper,0.1173482684999999,0.03336403405,0.0006279336999999,3.068507271681552,3.4743977986338453e-06,1.059086350117164e-06,2581.2242118523804
105,upper,0.1167219499999999,0.0334092218,0.0006279603,3.0706311899382555,3.488671250859075e-06,1.0719430153560983e-06,2614.0234547145137
106,upper,0.1160955095,0.0334530796499999,0.0006279877999999,3.072759779848857,3.502551931164137e-06,1.0848277858162715e-06,2646.9166538567824
107,upper,0.1154689495,0.0334956044499999,0.000628016,3.0748927790604457,3.5160397450807844e-06,1.0977398411261254e-06,2679.9016735402524
108,upper,0.1148422715,0.0335367931,0.0006280449999999,3.077030508406794,3.529134599841962e-06,1.110678361003807e-06,2712.976378170768
109,upper,0.1142154775,0.0335766425,0.0006280748999999,3.079172552476091,3.5418364044448156e-06,1.1236425252671558e-06,2746.138632321705
110,upper,0.1135885695,0.03361514945,0.0006281055999999,3.081319635326857,3.554145065480304e-06,1.1366315096435726e-06,2779.3862900190543
111,upper,0.1129615485,0.0336523107,0.000628137,3.083471394598408,3.5660604867554997e-06,1.149644485716113e-06,2812.7171946205867
112,upper,0.112334417,0.03368812305,0.0006281693,3.0856277430664547,3.5775825759889714e-06,1.1626806271594802e-06,2846.1291947367417
113,upper,0.1117071775,0.0337225833,0.0006282022999999,3.0877887783093514,3.588711237222814e-06,1.1757391014467032e-06,2879.620122988147
114,upper,0.1110798315,0.0337556881,0.0006282362,3.0899550608841566,3.5994463775311356e-06,1.188819078048767e-06,2913.1878170497853
115,upper,0.110452381,0.03378743415,0.0006282709,3.092125788544981,3.609787901893886e-06,1.2019197222296993e-06,2946.8301037288315
116,upper,0.109824828,0.03381781815,0.0006283063999999,3.094301759190717,3.6197357150308687e-06,1.2150401971148615e-06,2980.5448042654257
117,upper,0.109197174,0.03384683665,0.0006283427,3.096482732699348,3.629289721087362e-06,1.2281796635897022e-06,3014.329734084983
118,upper,0.1085694215,0.0338744863,0.0006283797999999,3.09866848260324,3.6384498242622203e-06,1.2413372803555304e-06,3048.1827029107594
119,upper,0.107941573,0.0339007637,0.0006284177,3.100859402770499,3.6472159288077774e-06,1.2545122038910502e-06,3082.101514663482
120,upper,0.10731363,0.03392566535,0.0006284563999999,3.10305555497964,3.6555879384012953e-06,1.2677035883824e-06,3116.0839673117885
121,upper,0.1066855945,0.0339491878,0.0006284959,3.105256654386817,3.6635657564589985e-06,1.2809105857474558e-06,3150.1278529191572
122,upper,0.1060574689999999,0.0339713275,0.0006285362999999,3.1074632428832234,3.671149287656739e-06,1.2941323476693794e-06,3184.230962870478
123,upper,0.1054292555,0.0339920809,0.0006285773999999,3.1096748433273373,3.6783384339332465e-06,1.307368019280767e-06,3218.3910716011114
124,upper,0.104800956,0.03401144445,0.0006286194,3.11189193241126,3.6851330993161643e-06,1.32061674757045e-06,3252.6059582804714
125,upper,0.1041725725,0.03402941445,0.0006286620999999,3.1141145095943203,3.6915331853471155e-06,1.3338776728595874e-06,3286.8733848096795
126,upper,0.103544107,0.0340459873,0.0006287058,3.116342256104026,3.6975385963603786e-06,1.3471499393983668e-06,3321.1911231957683
127,upper,0.1029155625,0.0340611593499999,0.0006287500999999,3.1185755747759427,3.703149233110942e-06,1.3604326805583284e-06,3355.556917246647
128,upper,0.1022869409999999,0.03407492685,0.0006287954,3.120814458941195,3.7083649997874515e-06,1.3737250356499419e-06,3389.9685260871684
129,upper,0.1016582445,0.034087286,0.0006288413999999,3.123059085901879,3.7131857976400557e-06,1.3870261350989674e-06,3424.423685812458
130,upper,0.1010294755,0.0340982330499999,0.0006288883,3.125309076148267,3.7176115295679923e-06,1.4003351110369856e-06,3458.9201368822846
131,upper,0.100400636,0.0341077642,0.0006289359999999,3.127565008417452,3.721642097379636e-06,1.413651090919263e-06,3493.4556076111885
132,upper,0.09977172835,0.03411587555,0.0006289846,3.129826597698297,3.725277403420139e-06,1.4269732016863283e-06,3528.0278249423654
133,upper,0.09914275495,0.0341225632,0.0006290337999999,3.132094135193571,3.7285173482911445e-06,1.4403005612842533e-06,3562.6344924401737
134,upper,0.09851371835,0.03412782315,0.0006290840999999,3.134367642809865,3.731361835317421e-06,1.4536322955408275e-06,3597.273334092776
135,upper,0.0978846207999999,0.0341316515,0.0006291350999999,3.13664679583748,3.733810765596919e-06,1.4669675191536794e-06,3631.9420449619097
136,upper,0.0972554647499999,0.0341340442,0.0006291869,3.13893239174378,3.735864040765005e-06,1.4803053461810895e-06,3666.6383184127694
137,upper,0.0966262526,0.03413499715,0.0006292396999999,3.1412237957024782,3.7375215629749873e-06,1.493644892123985e-06,3701.359851547843
138,upper,0.0959969868,0.0341345063,0.0006292930999999,-3.139663821672773,3.738783233223461e-06,1.5069852612298739e-06,3736.1043121653834
139,upper,0.09536766985,0.0341325675,0.0006293476,-3.137360003431956,3.7396489536269075e-06,1.520325565500811e-06,3770.869388239766
140,upper,0.0947383042,0.0341291765,0.0006294027999999,-3.1350495798891096,3.7401186254602494e-06,1.5336649055432855e-06,3805.6527380536695
141,upper,0.0941088924,0.03412432905,0.0006294588999999,-3.132733023641953,3.740192150297158e-06,1.5470023832787476e-06,3840.4520233053836
142,upper,0.09347943705,0.0341180209,0.0006295159,-3.1304098587562086,3.739869429640867e-06,1.5603370976949962e-06,3875.2648980417525
143,upper,0.0928499407,0.03411024775,0.0006295736999999,-3.1280804004132405,3.739150365007262e-06,1.5736681426883732e-06,3910.089003023182
144,upper,0.09222040595,0.0341010052,0.0006296324,-3.125744012132884,3.7380348578542024e-06,1.5869946112287076e-06,3944.9219765954576
145,upper,0.0915908354499999,0.03409028875,0.0006296918999999,-3.1234010078454206,3.736522809841852e-06,1.6003155910530142e-06,3979.761443439112
146,upper,0.0909612318499999,0.034078094,0.0006297523,-3.1210513891135543,3.7346141224787807e-06,1.613630168952852e-06,4014.605025775539
147,upper,0.0903315978,0.0340644164499999,0.0006298136999999,-3.1186948345356966,3.7323086968705894e-06,1.626937430697705e-06,4049.450343180256
148,upper,0.08970193605,0.03404925145,0.0006298757999999,-3.116331180411487,3.729606435247571e-06,1.6402364524798595e-06,4084.2949901787674
149,upper,0.0890722494,0.03403259435,0.0006299389999999,-3.1139605836994324,3.7265072383084627e-06,1.6535263156922518e-06,4119.136574947678
150,upper,0.08844254055,0.0340144405,0.0006300029,-3.111582893766971,3.7230110085901404e-06,1.6668060900288708e-06,4153.9726750395785
151,upper,0.08781281225,0.03399478515,0.0006300678999999,-3.1091979377183523,3.719117646563814e-06,1.6800748502895299e-06,4188.800881438758
152,upper,0.0871830674,0.03397362345,0.0006301336,-3.1068055551141747,3.7148270551697903e-06,1.6933316594450088e-06,4223.618754132923
153,upper,0.0865533089,0.0339509506,0.0006302002999999,-3.104406061666773,3.7101391356186e-06,1.7065755834044037e-06,4258.423860867896
154,upper,0.0859235396,0.0339267617,0.000630268,-3.1019988282164297,3.705053789025028e-06,1.7198056846181065e-06,4293.213760369298
155,upper,0.08529376235,0.0339010517,0.0006303365999999,-3.099584007180724,3.6995709172786522e-06,1.7330210198762716e-06,4327.985996552112
156,upper,0.08466398015,0.0338738155999999,0.000630406,-3.0971615841514684,3.693690423391042e-06,1.7462206403407432e-06,4362.738098585775
157,upper,0.08403419605,0.0338450483,0.0006304765,-3.094731247415152,3.687412207796847e-06,1.7594035998476855e-06,4397.467602753432
158,upper,0.083404413,0.03381474455,0.0006305479,-3.092292845834058,3.6807361728296773e-06,1.7725689443282636e-06,4432.172024611041
159,upper,0.082774634,0.03378289915,0.0006306202999999,-3.0898466808157745,3.673662219893071e-06,1.7857157181082247e-06,4466.848875574169
160,upper,0.0821448622,0.03374950685,0.0006306936,-3.0873922677180867,3.6661902516735124e-06,1.7988429596904e-06,4501.495651796574
161,upper,0.0815151007,0.0337145622499999,0.0006307678999999,-3.084929622973501,3.658320169866372e-06,1.8119497058190467e-06,4536.109844895176
162,upper,0.0808853525999999,0.03367805985,0.0006308431,-3.08245841256421,3.6500518775463136e-06,1.8250349872436986e-06,4570.688930771709
163,upper,0.08025562115,0.03363999415,0.00063092,-3.079978942641974,3.6413852671520238e-06,1.8380978473574023e-06,4605.23041887852
164,upper,0.0796259096,0.03360035955,0.0006309959999999,-3.0774905892276783,3.632320267317204e-06,1.8511372717362687e-06,4639.731665899023
165,upper,0.07899622115,0.0335591503,0.0006310759999999,-3.0749935110347577,3.6228567369200013e-06,1.8641523431327943e-06,4674.190285752785
166,upper,0.07836655905,0.03351636075,0.000631154,-3.072487856088016,3.6129946230922767e-06,1.8771420163760144e-06,4708.603553920012
167,upper,0.07773692665,0.0334719849999999,0.0006312349999999,-3.0699726649780974,3.6027337975888577e-06,1.8901053451399194e-06,4742.96900776616
168,upper,0.0771073274,0.0334260171,0.000631316,-3.0674487159261195,3.592074179337418e-06,1.9030413170858727e-06,4777.284009925453
169,upper,0.07647776465,0.0333784511,0.0006313989999999,-3.064915254414517,3.58101565436023e-06,1.9159489566173658e-06,4811.546020635238
170,upper,0.0758482418,0.0333292808999999,0.000631483,-3.062372549504464,3.5695581252021615e-06,1.9288272632087724e-06,4845.752434214886
171,upper,0.07521876245,0.0332785002499999,0.0006315669999999,-3.059819810996672,3.557701513576542e-06,1.9416752114924196e-06,4879.900579154099
172,upper,0.07458933005,0.03322610285,0.0006316529999999,-3.057257710033658,3.5454457045813413e-06,1.9544918122965505e-06,4913.987880315158
173,upper,0.0739599482,0.03317208235,0.00063174,-3.054685379297842,3.532790601856453e-06,1.9672760514697952e-06,4948.011696404596
174,upper,0.07333062055,0.03311643225,0.000631828,-3.052103202472912,3.5197361094729954e-06,1.980026910168207e-06,4981.969373861385
175,upper,0.07270135065,0.033059146,0.0006319169999999,-3.049510667111457,3.506282131871718e-06,1.9927433648116183e-06,5015.858246746282
176,upper,0.0720721423,0.0330002169,0.000632007,-3.046907744658351,3.4924285740225996e-06,2.0054243869767095e-06,5049.6756364544235
177,upper,0.07144299925,0.03293963815,0.0006320999999999,-3.0442941657731315,3.4781752962968158e-06,2.0180689833297457e-06,5083.418958285703
178,upper,0.0708139252499999,0.0328774028,0.000632192,-3.041669729818701,3.463522248504842e-06,2.030676075370287e-06,5117.085400608963
179,upper,0.07018492415,0.03281350385,0.0006322859999999,-3.039034454166004,3.4484693133762466e-06,2.0432446395353087e-06,5150.67229866938
180,upper,0.0695559999,0.0327479342,0.000632381,-3.0363879774961005,3.433016396821135e-06,2.05577362710695e-06,5184.176920855661
181,upper,0.06892715645,0.03268068655,0.000632478,-3.0337300367936977,3.4171633803181043e-06,2.0682620038225597e-06,5217.596574558778
182,upper,0.06829839775,0.0326117535,0.0006325749999999,-3.031060584834007,3.4009101954822588e-06,2.0807086904941864e-06,5250.928447308694
183,upper,0.06766972785,0.03254112755,0.0006326749999999,-3.028379327373527,3.384256697548607e-06,2.093112661515182e-06,5284.169870461181
184,upper,0.06704115085,0.0324688010499999,0.000632775,-3.0256860752374792,3.3672028195679643e-06,2.1054728266948325e-06,5317.318002759953
185,upper,0.06641267095,0.0323947661999999,0.000632877,-3.0229805173723627,3.3497484421182653e-06,2.1177881293143004e-06,5350.370093045534
186,upper,0.06578429235,0.0323190151,0.0006329799999999,-3.0202626576817435,3.3318934729025922e-06,2.1300574873037505e-06,5383.3233225830445
187,upper,0.0651560193,0.03224153965,0.000633085,-3.017531854283678,3.3136377916247252e-06,2.142279832013807e-06,5416.174909127052
188,upper,0.0645278562,0.03216233165,0.000633191,-3.014788385622194,3.2949813065023375e-06,2.15445406936809e-06,5448.922002585489
189,upper,0.0638998074,0.03208138275,0.0006332979999999,-3.012031532791184,3.2759239266584233e-06,2.1665790992136063e-06,5481.5617369623
190,upper,0.0632718773,0.03199868435,0.000633408,-3.0092612211506573,3.2564655007150807e-06,2.1786538532747087e-06,5514.09133261884
191,upper,0.0626440705,0.0319142277499999,0.0006335179999999,-3.0064771422442607,3.2366059686404637e-06,2.190677199506398e-06,5546.507838720109
192,upper,0.0620163916,0.0318280041,0.0006336299999999,-3.003679145474956,3.2163452094067054e-06,2.202648037460813e-06,5578.808390083324
193,upper,0.0613888452,0.03174000435,0.000633744,-3.000866769012187,3.195683101178062e-06,2.21456525984364e-06,5610.990103702809
194,upper,0.06076143605,0.0316502193,0.000633859,-2.9980399537394185,3.174619554640319e-06,2.2264277336789347e-06,5643.050027851454
195,upper,0.06013416895,0.0315586395,0.0006339759999999,-2.99519797102947,3.1531544478295466e-06,2.2382343377375154e-06,5674.9852431683175
196,upper,0.05950704875,0.0314652552999999,0.000634095,-2.992340917092772,3.1312876581434246e-06,2.249983943491752e-06,5706.792811281227
197,upper,0.05888008045,0.03137005695,0.000634216,-2.9894683317333066,3.1090190624404445e-06,2.2616754150259287e-06,5738.469774567652
198,upper,0.0582532689999999,0.03127303435,0.0006343379999999,-2.986579625547351,3.0863485727512225e-06,2.2733075904502735e-06,5770.01310578143
199,upper,0.0576266195,0.0311741773,0.000634462,-2.983675023601803,3.0632760661536215e-06,2.2848793186834223e-06,5801.419807714897
200,upper,0.0570001371999999,0.03107347535,0.0006345869999999,-2.980753470336208,3.0398014563494035e-06,2.2963894225990565e-06,5832.686813275541
201,upper,0.05637382735,0.0309709177,0.000634716,-2.9778149527919924,3.0159245457010356e-06,2.307836771328182e-06,5863.811181920402
202,upper,0.0557476953,0.0308664935,0.0006348459999999,-2.9748593020902674,2.9916452472516346e-06,2.3192201713719493e-06,5894.789803868658
203,upper,0.05512174645,0.03076019155,0.000634978,-2.9718855996931843,2.966963436793784e-06,2.330538438903208e-06,5925.619596532449
204,upper,0.0544959864,0.03065200035,0.0006351119999999,-2.9688937534787434,2.9418789899935638e-06,2.3417903814096115e-06,5956.297454667188
205,upper,0.0538704208,0.0305419082,0.000635248,-2.9658832379756683,2.9163917824275274e-06,2.352974797537793e-06,5986.820249963017
206,upper,0.0532450553,0.0304299031,0.0006353859999999,-2.9628536783784574,2.8905016895881164e-06,2.364090476873607e-06,6017.184830471068
207,upper,0.0526198958,0.03031597275,0.0006355269999999,-2.9598044156735703,2.864208545675822e-06,2.3751362171023922e-06,6047.388067545012
208,upper,0.0519949482999999,0.03020010455,0.000635671,-2.9567351576692618,2.8375121831658645e-06,2.38611080606028e-06,6077.426806928318
209,upper,0.05137021875,0.0300822856,0.000635816,-2.9536453351154965,2.8104125180273796e-06,2.3970129872078707e-06,6107.297774186994
210,upper,0.05074571335,0.02996250265,0.0006359629999999,-2.950534329703414,2.7829094251467153e-06,2.407841511404207e-06,6136.997716349283
211,upper,0.0501214383999999,0.02984074215,0.000636115,-2.9474018183793658,2.7550026481575864e-06,2.418595170019832e-06,6166.523493045007
212,upper,0.0494974003,0.0297169901499999,0.0006362679999999,-2.9442468727196607,2.726692103485571e-06,2.4292726756952796e-06,6195.871749393563
213,upper,0.0488736056,0.0295912323,0.0006364229999999,-2.9410691470025982,2.6979776648429156e-06,2.4398727473087796e-06,6225.039149033308
214,upper,0.0482500609,0.02946345395,0.0006365829999999,-2.9378680824569634,2.668859069287639e-06,2.450394142309166e-06,6254.022463423089
215,upper,0.047626773,0.02933364,0.0006367449999999,-2.9346427842878637,2.639336188070413e-06,2.4608355564495352e-06,6282.81829598718
216,upper,0.0470037489,0.02920177495,0.0006369089999999,-2.9313928464781127,2.60940889328535e-06,2.4711956738427076e-06,6311.423219731155
217,upper,0.04638099565,0.0290678429,0.000637077,-2.928117477747341,2.579076962687402e-06,2.4814731989363067e-06,6339.833865674885
218,upper,0.04575852045,0.02893182735,0.000637249,-2.924815594963042,2.5483401712831914e-06,2.4916668230143918e-06,6368.046830633174
219,upper,0.0451363308,0.02879371145,0.0006374229999999,-2.921487080240992,2.5171983892453103e-06,2.501775192196776e-06,6396.058588572571
220,upper,0.04451443415,0.0286534779,0.0006376019999999,-2.918130783126017,2.4856513394794176e-06,2.511796986801577e-06,6423.865710428023
221,upper,0.0438928382,0.0285111087,0.000637783,-2.914745621779175,2.453698890928759e-06,2.5217308256993488e-06,6451.4645991257175
222,upper,0.04327155095,0.0283665854,0.000637969,-2.9113311815113025,2.4213407619124166e-06,2.5315753602694607e-06,6478.85175032788
223,upper,0.04265058045,0.02821988905,0.0006381579999999,-2.907886406651224,2.388576769422619e-06,2.5413291958595964e-06,6506.023534400855
224,upper,0.042029935,0.02807100005,0.0006383529999999,-2.9044102893366,2.355406574454298e-06,2.550990968159804e-06,6532.976409075889
225,upper,0.04140962305,0.0279198981,0.00063855,-2.900901703486681,2.321830042746555e-06,2.560559235997313e-06,6559.706620768825
226,upper,0.04078965325,0.02776656225,0.0006387529999999,-2.897359763073536,2.2878468292291816e-06,2.570032601927218e-06,6586.210541066117
227,upper,0.0401700346,0.0276109709,0.0006389589999999,-2.8937832390431093,2.2534567450976796e-06,2.5794096065562293e-06,6612.484371701698
228,upper,0.03955077625,0.0274531018,0.0006391719999999,-2.890171401657767,2.2186593842711463e-06,2.588688831545629e-06,6638.524432943835
229,upper,0.0389318875,0.02729293185,0.000639389,-2.8865224283448137,2.183454499021421e-06,2.5978687959438104e-06,6664.326873364736
230,upper,0.038313378,0.0271304370499999,0.0006396109999999,-2.882835293064123,2.147841784927833e-06,2.6069480142235344e-06,6689.887832572816
231,upper,0.0376952577,0.0269655927,0.000639838,-2.8791088289648306,2.1118209349110155e-06,2.6159249810677983e-06,6715.203398676145
232,upper,0.03707753675,0.0267983732,0.000640072,-2.87534149510037,2.0753915255524706e-06,2.6247981984267787e-06,6740.269684852962
233,upper,0.0364602256,0.0266287518999999,0.0006403119999999,-2.8715316073433086,2.038553184965036e-06,2.633566132314125e-06,6765.082707802797
234,upper,0.03584333505,0.0264567012,0.000640558,-2.8676778989727723,2.0013055373630136e-06,2.6422272262816107e-06,6789.638425817249
235,upper,0.03522687625,0.02628219255,0.0006408109999999,-2.863778700267213,1.9636481445469235e-06,2.6507799140427297e-06,6813.932774791964
236,upper,0.03461086055,0.02610519615,0.0006410699999999,-2.859831988646073,1.925580622356713e-06,2.659222591507134e-06,6837.961589139608
237,upper,0.03399529975,0.025925681,0.000641338,-2.8558360503530773,1.8871024034657295e-06,2.6675536685546238e-06,6861.720749341878
238,upper,0.0333802061,0.02574361495,0.0006416119999999,-2.851789034153872,1.8482130939883592e-06,2.6757714891408367e-06,6885.2059547518775
239,upper,0.0327655921,0.02555896455,0.000641895,-2.847688972237987,1.8089121136954453e-06,2.6838744082464008e-06,6908.412943273335
240,upper,0.03215147075,0.0253716949,0.000642187,-2.8435333714925792,1.7691988745189242e-06,2.69186075125994e-06,6931.337376003367
241,upper,0.03153785555,0.0251817696,0.0006424879999999,-2.8393201406301487,1.7290727809146059e-06,2.699728812832772e-06,6953.974834224842
242,upper,0.0309247603499999,0.0249891506,0.000642797,-2.835046509516287,1.688533293197802e-06,2.707476843578099e-06,6976.320781374244
243,upper,0.03031219955,0.02479379825,0.0006431189999999,-2.8307103834107905,1.6475795483130147e-06,2.71510312078107e-06,6998.37076746123
244,upper,0.0297001880999999,0.0245956711,0.0006434499999999,-2.826308438274219,1.6062109266183146e-06,2.722605838155951e-06,7020.120111645992
245,upper,0.0290887415499999,0.02439472565,0.000643792,-2.82183782706539,1.5644266726972133e-06,2.7299831762257212e-06,7041.564105794284
246,upper,0.028477876,0.02419091655,0.000644147,-2.817295915277967,1.5222258908774015e-06,2.7372332992893803e-06,7062.698006799064
247,upper,0.02786760815,0.0239841961,0.0006445149999999,-2.8126783802373376,1.479607673044979e-06,2.744354329904219e-06,7083.516963284542
248,upper,0.0272579555,0.02377451425,0.000644896,-2.8079824481122397,1.4365710992311197e-06,2.751344347074259e-06,7104.016010848251
249,upper,0.0266489362,0.02356181855,0.0006452919999999,-2.80320386017724,1.3931151034194593e-06,2.7582014056481602e-06,7124.190129722613
250,upper,0.0260405692,0.02334605365,0.0006457029999999,-2.798338295078087,1.349238605176236e-06,2.7649235115831655e-06,7144.034173318388
251,upper,0.0254328742999999,0.02312716135,0.000646132,-2.7933816692228013,1.3049403046111776e-06,2.7715086503129565e-06,7163.5429530116035
252,upper,0.02482587215,0.0229050804,0.0006465779999999,-2.78832916415529,1.2602189524015717e-06,2.7779547418535517e-06,7182.711106821368
253,upper,0.0242195844499999,0.0226797460499999,0.000647042,-2.783175272487228,1.2150732134627554e-06,2.7842596584767404e-06,7201.533152683726
254,upper,0.02361403395,0.0224510897999999,0.0006475279999999,-2.777914562078584,1.1695014541840359e-06,2.7904212494643645e-06,7220.003564214745
255,upper,0.02300924445,0.0222190393,0.000648035,-2.772541360087589,1.1235020884692947e-06,2.796437287994713e-06,7238.1166139498055
256,upper,0.022405241,0.0219835179,0.0006485659999999,-2.767048858222785,1.0770732947641522e-06,2.802305504895843e-06,7255.866476274485
257,upper,0.02180204995,0.02174444415,0.000649123,-2.7614300483188345,1.0302130820023962e-06,2.8080235732560533e-06,7273.247183805001
258,upper,0.02119969915,0.0215017315,0.0006497059999999,-2.755677217920616,9.829194315207739e-07,2.813589085347854e-06,7290.252559723515
259,upper,0.0205982179499999,0.0212552878,0.000650321,-2.749782138637495,9.351898578657748e-07,2.8189995981397533e-06,7306.876359592314
260,upper,0.01999763745,0.0210050148,0.000650967,-2.743735616476187,8.870219136856811e-07,2.8242525660307828e-06,7323.112069326276
261,upper,0.0193979905999999,0.0207508075999999,0.0006516479999999,-2.737528020242001,8.384128206156331e-07,2.8293453756270544e-06,7338.953015315662
262,upper,0.01879931235,0.0204925538499999,0.000652369,-2.7311480219113573,7.893593860715301e-07,2.8342753432973765e-06,7354.39236241543
263,upper,0.01820163995,0.0202301329999999,0.00065313,-2.7245838851579527,7.398583720520782e-07,2.839039666932596e-06,7369.422968705301
264,upper,0.01760501305,0.01996341565,0.0006539379999999,-2.7178227517284435,6.899059623505046e-07,2.8436354679960923e-06,7384.037523185072
265,upper,0.01700947405,0.01969226235,0.000654796,-2.710849591499961,6.394980559853005e-07,2.8480597488886955e-06,7398.228419118485
266,upper,0.0164150684,0.01941652245,0.000655709,-2.7036485410525994,5.886301073610429e-07,2.852309393543255e-06,7411.987763975168
267,upper,0.01582184495,0.0191360330999999,0.0006566839999999,-2.6962020334586034,5.372969607966071e-07,2.856381164296507e-06,7425.307379954132
268,upper,0.01522985625,0.01885061745,0.0006577269999999,-2.688489652422535,4.85492915719086e-07,2.860271676594591e-06,7438.178734557491
269,upper,0.0146391589999999,0.0185600829999999,0.0006588449999999,-2.680489673372047,4.332116365390438e-07,2.863977384790011e-06,7450.592908259631
270,upper,0.01404981475,0.0182642198,0.0006600479999999,-2.6721769793444565,3.804459002943136e-07,2.8674945754084787e-06,7462.540590184502
271,upper,0.0134618903999999,0.01796279775,0.000661343,-2.663523214391484,3.2718781915492284e-07,2.870819323316588e-06,7474.011952048487
272,upper,0.0128754588,0.01765556405,0.0006627459999999,-2.6544972290188245,2.7342809895395954e-07,2.873947506574703e-06,7484.996725839916
273,upper,0.01229059985,0.01734223985,0.000664269,-2.645062200640812,2.191563344599264e-07,2.8768747468906823e-06,7495.484032937778
274,upper,0.0117074014,0.0170225163,0.0006659259999999,-2.635177683507683,1.6436082359235954e-07,2.8795963768990542e-06,7505.462308481589
275,upper,0.01112596045,0.0166960498,0.000667739,-2.624795688439056,1.0902787979311811e-07,2.882107422198173e-06,7514.919290594471
276,upper,0.01054638465,0.0163624562,0.00066973,-2.6138622544807557,5.3141790237400624e-08,2.8844025370491987e-06,7523.841854788109
277,upper,0.009968794175,0.0160213039,0.0006719269999999,-2.602313578094976,-3.3157281592388463e-09,2.8864759514141834e-06,7532.215904318512
278,upper,0.009393323905,0.015672105,0.000674362,-2.5900758645555184,-6.036591855366408e-08,2.8883213931684392e-06,7540.026187667516
279,upper,0.008820126145,0.0153143045,0.0006770759999999,-2.5770616725969853,-1.1803380843491823e-07,2.8899320038541525e-06,7547.2561219761365
280,upper,0.00824937425,0.0149472666499999,0.000680122,-2.563167673142947,-1.7634931302618757e-07,2.8913002297684063e-06,7553.887566767967
281,upper,0.00768126702,0.0145702574499999,0.0006835609999999,-2.548269799883082,-2.353480227493542e-07,2.8924176652570153e-06,7559.900456372681
282,upper,0.00711603448,0.01418242185,0.0006874739999999,-2.5322181040625096,-2.9507304938233845e-07,2.8932748705403325e-06,7565.272421466726
283,upper,0.0065539455,0.0137827537,0.0006919669999999,-2.5148288925830453,-3.555773571399625e-07,2.8938611209350765e-06,7569.97825705223
284,upper,0.00599531799,0.0133700554999999,0.000697174,-2.495875085318396,-4.169264158707623e-07,2.894164060365374e-06,7573.989157594686
285,upper,0.005440532825,0.0129428833,0.000703277,-2.475071468528064,-4.79202686523127e-07,2.8941692313175535e-06,7577.271725931413
286,upper,0.004890053415,0.01249946885,0.0007105259999999,-2.4520533974584,-5.425119973176161e-07,2.893859398073619e-06,7579.786542005332
287,upper,0.004344453925,0.01203760725,0.0007192699999999,-2.4263470389013717,-6.069928496300777e-07,2.8932135487123044e-06,7581.486047156543
288,upper,0.003804461385,0.01155448875,0.000730014,-2.3973214512194985,-6.728310782155066e-07,2.8922053687933603e-06,7582.311330877032
289,upper,0.0032710212,0.0110464366,0.0007435189999999,-2.364115429122402,-7.402839135840731e-07,2.89080079147709e-06,7582.187001140857
290,upper,0.002745404345,0.0105084769,0.000760987,-2.32551275673035,-8.097214521059653e-07,2.8889538351277933e-06,7581.012499838239
291,upper,0.00222939447,0.00993358545,0.0007844309999999,-2.2797252855892176,-8.817029519744945e-07,2.886599016255452e-06,7578.646309930028
292,upper,0.001725643715,0.009311252355,0.00081752,-2.2239786431267667,-9.571326138598313e-07,2.8836360962666827e-06,7574.874330652783
293,upper,0.0012384354699999,0.0086243961599999,0.000867735,-2.1536326372721155,-1.0376182027902785e-06,2.8798951739831434e-06,7569.337614249437
294,upper,0.000775648184,0.007841396015,0.000953334,-2.059981210251816,-1.126484602305751e-06,2.875038762238471e-06,7561.330046825257
295,upper,0.000355814333,0.00688736145,0.0011361949999999,-1.92275587606523,-1.232873665976451e-06,2.8681668626383903e-06,7548.9830346005565
296,upper,0.0001313772405,0.0051396428,0.002429566,-1.59433550801943,-1.4609144526802689e-06,2.8492262385870115e-06,7511.529471105454
298,lower,0.0006839867315,0.002858948495,0.00242872877,-1.0717301744365069,-1.6875345178135371e-06,2.8247529536126856e-06,7459.564267049184
299,lower,0.001679090715,0.00140672318,0.0011318892099999,-0.750500747797944,-1.7920226011034832e-06,2.8117036208373235e-06,7430.997919297216
300,lower,0.002478703355,0.0007463772049999,0.00094668024,-0.6182920630243479,-1.878656512135751e-06,2.8001643901320407e-06,7405.434848266819
301,lower,0.003235267975,0.0002552609077,0.00085909773,-0.5289106590676739,-1.9566254884709704e-06,2.7892707991837525e-06,7381.101676241888
302,lower,0.003967317055,-0.0001415161863,0.0008071492599999,-0.4623892243081097,-2.0292889140952387e-06,2.7787156705097707e-06,7357.373191202819
303,lower,0.004682729045,-0.0004755749115,0.00077251447,-0.4101787120703915,-2.0982816846385078e-06,2.768355397407611e-06,7333.960483018871
304,lower,0.00538578733,-0.0007639967615,0.0007476674299999,-0.3677308320403319,-2.1645297282363963e-06,2.758112706958348e-06,7310.710518668676
305,lower,0.0060791440549999,-0.001017291629,0.0007289131899999,-0.3323282535139514,-2.228610631181552e-06,2.7479423107640986e-06,7287.5354407857085
306,lower,0.00676458287,-0.00124248363,0.00071421643,-0.3022203994232515,-2.2909099470548307e-06,2.7378161400231333e-06,7264.382244849948
307,lower,0.007443374745,-0.001444546745,0.0007023607199999,-0.2762168994999628,-2.3516983621970792e-06,2.727716138512869e-06,7241.218023674764
308,lower,0.008116465085,-0.0016271577249999,0.0006925733499999,-0.2534740827519354,-2.411173528647763e-06,2.717630408642498e-06,7218.022106762223
309,lower,0.00878458092,-0.00179312628,0.0006843394,-0.2333743422724524,-2.4694843815400837e-06,2.707551008398693e-06,7194.781588094345
310,lower,0.009448296415,-0.00194465732,0.0006773024999999,-0.2154531667948985,-2.5267461015759453e-06,2.6974726198885955e-06,7171.48863722302
311,lower,0.01010807499,-0.00208351911,0.0006712076,-0.1993534219359345,-2.583049687274902e-06,2.687391719547335e-06,7148.138836466091
312,lower,0.0107642975,-0.00221115565,0.0006658678999999,-0.1847952404056487,-2.6384684000156692e-06,2.677306027351207e-06,7124.730081990832
313,lower,0.0114172819,-0.002328764365,0.0006611433,-0.1715556840608446,-2.6930621784858995e-06,2.6672141409752095e-06,7101.261860903771
314,lower,0.012067297,-0.00243735138,0.000656926,-0.1594548155656932,-2.7468807024152757e-06,2.6571152950771474e-06,7077.734783945537
315,lower,0.01271457285,-0.0025377717799999,0.0006531328,-0.1483451514546378,-2.7999657121467874e-06,2.647009173738159e-06,7054.150217830046
316,lower,0.0133593083,-0.00263075961,0.0006496973999999,-0.1381050529541929,-2.8523526181641112e-06,2.636895795430945e-06,7030.5100695668325
317,lower,0.0140016765999999,-0.00271695061,0.000646567,-0.128632655657642,-2.904071777189549e-06,2.6267754175824513e-06,7006.816604410912
318,lower,0.0146418301,-0.002796899745,0.0006436987999999,-0.1198422949310294,-2.9551494416830118e-06,2.6166484710184376e-06,6983.072324642959
319,lower,0.0152799037,-0.0028710949,0.0006410576,-0.1116610242509989,-3.0056084843499973e-06,2.6065155135815764e-06,6959.279886570907
320,lower,0.0159160176,-0.002939967715,0.0006386146999999,-0.1040265516693764,-3.0554690093394547e-06,2.5963771869581745e-06,6935.4420199562055
321,lower,0.0165502794,-0.003003902305,0.0006363454999999,-0.0968851988133513,-3.1047487544722786e-06,2.5862342005270136e-06,6911.561506982801
322,lower,0.01718278615,-0.003063242285,0.00063423,-0.0901903441220461,-3.1534635167072253e-06,2.576087298770744e-06,6887.64111955366
323,lower,0.0178136256499999,-0.0031182965149999,0.0006322507999999,-0.0839014666252552,-3.2016274091973826e-06,2.5659372537049015e-06,6863.683613028541
324,lower,0.01844287775,-0.003169343855,0.0006303933,-0.0779829632323797,-3.2492531238896225e-06,2.5557848487218904e-06,6839.691697850755
325,lower,0.01907061545,-0.003216637105,0.000628645,-0.0724035529875351,-3.296352131734687e-06,2.545630869225824e-06,6815.6680256191285
326,lower,0.0196969055499999,-0.003260406295,0.0006269947999999,-0.0671355269074697,-3.3429348235330743e-06,2.535476100982452e-06,6791.61519217571
327,lower,0.0203218095999999,-0.0033008614849999,0.0006254334,-0.0621543218686709,-3.389010674972071e-06,2.5253213190479896e-06,6767.535717379681
328,lower,0.02094538435,-0.00333819511,0.0006239526,-0.0574379832548722,-3.4345883543792387e-06,2.515167285550609e-06,6743.432044974645
329,lower,0.0215676823,-0.003372583995,0.0006225454,-0.0529669208894408,-3.4796758337416623e-06,2.5050147437979452e-06,6719.306533040353
330,lower,0.0221887523,-0.0034041910899999,0.0006212049999999,-0.0487234863810794,-3.524280423644028e-06,2.4948644269566987e-06,6695.161478475484
331,lower,0.0228086398,-0.0034331669449999,0.0006199261999999,-0.0446918228184969,-3.568408906940974e-06,2.484717042459927e-06,6670.999083326515
332,lower,0.02342738725,-0.00345965102,0.000618704,-0.040857616575935,-3.6120675683076934e-06,2.474573277982211e-06,6646.821471930678
333,lower,0.0240450343,-0.003483772795,0.0006175338,-0.0372078593043554,-3.655262236934107e-06,2.4644338031347024e-06,6622.630697580209
334,lower,0.0246616180999999,-0.00350565274,0.0006164118999999,-0.0337307323320046,-3.6979983623715597e-06,2.454299262045257e-06,6598.428727142191
335,lower,0.0252771737,-0.003525403195,0.0006153345999999,-0.0304155096511561,-3.740281025437055e-06,2.4441702799043463e-06,6574.217458712011
336,lower,0.0258917340499999,-0.00354312912,0.0006142987999999,-0.0272523600636185,-3.7821149899108724e-06,2.434047458984252e-06,6549.9987139395225
337,lower,0.0265053302,-0.00355892876,0.0006133016,-0.0242323076115136,-3.823504725213197e-06,2.4239313806391843e-06,6525.774244438569
338,lower,0.0271179915,-0.00357289424,0.0006123406,-0.0213470976142675,-3.864454448355173e-06,2.413822601839203e-06,6501.545724944654
339,lower,0.0277297458,-0.0035851121,0.0006114130999999,-0.0185891863265275,-3.904968111181505e-06,2.403721664443648e-06,6477.314776843577
340,lower,0.02834061945,-0.00359566376,0.0006105174999999,-0.0159515739343996,-3.945049480402353e-06,2.3936290809626524e-06,6453.082935218308
341,lower,0.0289506375,-0.00360462593,0.0006096512999999,-0.0134278155121715,-3.984702084025681e-06,2.3835453530036603e-06,6428.851694171848
342,lower,0.02955982385,-0.00361207101,0.0006088132,-0.0110120072145765,-4.0239292957199e-06,2.373470954686914e-06,6404.622467979649
343,lower,0.03016820115,-0.00361806741,0.0006080014,-0.0086985779090285,-4.0627343070535885e-06,2.3634063438935977e-06,6380.396618983574
344,lower,0.0307757910999999,-0.00362267986,0.0006072142999999,-0.0064824678712779,-4.1011201453013406e-06,2.353351961691715e-06,6356.175457028458
345,lower,0.0313826144,-0.0036259697,0.0006064506999999,-0.0043589167326448,-4.139089703171256e-06,2.343308228213604e-06,6331.960230265277
346,lower,0.0319886908,-0.0036279951099999,0.0006057094,-0.0023234923958382,-4.176645742467293e-06,2.3332755449658225e-06,6307.752131370866
347,lower,0.03259403925,-0.00362881135,0.0006049892,-0.0003721058604356,-4.21379089764363e-06,2.3232542969529058e-06,6283.55230327629
348,lower,0.03319867795,-0.00362847097,0.0006042889999999,0.0014990846611106,-4.250527685392253e-06,2.3132448529801465e-06,6259.361840460206
349,lower,0.03380262435,-0.003627023985,0.0006036077,0.0032936845414909,-4.28685850789456e-06,2.303247567472975e-06,6235.181793867084
350,lower,0.03440589515,-0.00362451805,0.0006029447,0.0050150416186932,-4.322785685852277e-06,2.2932627738797505e-06,6211.0131554261825
351,lower,0.0350085065,-0.00362099863,0.000602299,0.0066662734829948,-4.358311436793078e-06,2.2832907928531158e-06,6186.856878261377
352,lower,0.0356104739,-0.00361650913,0.0006016696999999,0.0082503681049521,-4.393437883822334e-06,2.2733319320464747e-06,6162.713876619481
353,lower,0.03621181225,-0.0036110910249999,0.0006010562,0.0097700740053435,-4.428167075589016e-06,2.2633864825018375e-06,6138.585017492685
354,lower,0.03681253605,-0.003604783995,0.0006004578999999,0.0112279830247482,-4.4625009880664885e-06,2.2534547199069367e-06,6114.471123992374
355,lower,0.0374126592,-0.003597626035,0.000599874,0.0126265366245305,-4.496441515130276e-06,2.2435369090758503e-06,6090.372986546378
356,lower,0.03801219505,-0.00358965354,0.000599304,0.0139680908523958,-4.529990487687747e-06,2.233633300092216e-06,6066.2913538391595
357,lower,0.03861115665,-0.00358090141,0.0005987474,0.0152547715024238,-4.563149675137224e-06,2.2237441293411814e-06,6042.2269355811995
358,lower,0.0392095566,-0.0035714031549999,0.0005982034999999,0.0164886308176346,-4.595920775954739e-06,2.213869623766929e-06,6018.180413124558
359,lower,0.039807407,-0.0035611909549999,0.0005976718999999,0.0176716344825036,-4.628305435995149e-06,2.2040099968236627e-06,5994.152429857962
360,lower,0.0404047197,-0.003550295735,0.0005971524,0.0188056049144754,-4.660305260382476e-06,2.1941654460340383e-06,5970.143585459875
361,lower,0.04100150615,-0.00353874725,0.0005966440999999,0.0198922638669015,-4.691921777197162e-06,2.1843361653254044e-06,5946.154466182818
362,lower,0.04159777735,-0.003526574145,0.000596147,0.0209332651863701,-4.7231564871075505e-06,2.1745223309403374e-06,5922.185610693286
363,lower,0.04219354415,-0.003513804005,0.0005956604999999,0.0219301705775881,-4.754010832436811e-06,2.1647241120372305e-06,5898.23753610941
364,lower,0.04278881705,-0.003500463415,0.0005951843999999,0.0228844709915837,-4.78448621933648e-06,2.154941664773406e-06,5874.31072372524
365,lower,0.0433836062,-0.003486578025,0.0005947181,0.0237975329619978,-4.814583998278661e-06,2.1451751395063694e-06,5850.405636777857
366,lower,0.0439779215,-0.00347217259,0.0005942617,0.0246707278888218,-4.844305500690154e-06,2.1354246698880225e-06,5826.522693912579
367,lower,0.04457177255,-0.00345727101,0.0005938143999999,0.0255053113420087,-4.873651994460923e-06,2.1256903882081216e-06,5802.662306885059
368,lower,0.04516516875,-0.00344189638,0.0005933764,0.0263024970354451,-4.902624734833482e-06,2.1159724095179453e-06,5778.824841804537
369,lower,0.04575811925,-0.003426071035,0.0005929469999999,0.0270634103111766,-4.931224920707651e-06,2.1062708468857775e-06,5755.010656648175
370,lower,0.046350633,-0.003409816575,0.0005925264,0.02778919213538,-4.959453739336178e-06,2.096585797139943e-06,5731.2200664047905
371,lower,0.04694271865,-0.00339315391,0.0005921138,0.0284808407702764,-4.987312319017056e-06,2.0869173576782634e-06,5707.453384454544
372,lower,0.0475343847,-0.00337610329,0.0005917095999999,0.029139395621909,-5.014801786861873e-06,2.077265607286423e-06,5683.710875548344
373,lower,0.04812563945,-0.0033586843349999,0.000591313,0.0297657720700848,-5.041923212962378e-06,2.0676306261431382e-06,5659.992805078962
374,lower,0.0487164909,-0.003340916065,0.0005909241999999,0.0303609299392464,-5.068677657768056e-06,2.0580124798913748e-06,5636.29940000307
375,lower,0.049306947,-0.00332281693,0.0005905428,0.0309256700132459,-5.0950661448632e-06,2.048411229790246e-06,5612.630873902842
376,lower,0.04989701555,-0.0033044048299999,0.0005901685999999,0.0314609048382072,-5.121089670849274e-06,2.038826929806062e-06,5588.98741991401
377,lower,0.05048670405,-0.0032856971349999,0.0005898017,0.03196739360847,-5.146749219074239e-06,2.0292596220845166e-06,5565.369199631588
378,lower,0.0510760198,-0.003266710735,0.0005894415,0.032445878846119,-5.172045729500978e-06,2.019709348621314e-06,5541.776371981781
379,lower,0.05166497015,-0.003247462035,0.0005890881999999,0.0328971182499217,-5.196980133979957e-06,2.010176138592028e-06,5518.209062011782
380,lower,0.0522535622,-0.00322796698,0.0005887414,0.033321810724183,-5.221553330907624e-06,2.0006600183705763e-06,5494.66738570197
381,lower,0.0528418028,-0.003208241075,0.0005884010999999,0.0337206542048229,-5.245766202799537e-06,1.991161005331569e-06,5471.151434716067
382,lower,0.05342969875,-0.00318829941,0.0005880670999999,0.0340942480991272,-5.2696196082304475e-06,1.981679111349422e-06,5447.66128510873
383,lower,0.05401725675,-0.003168156675,0.0005877393,0.0344432516229955,-5.293114386383197e-06,1.972214341435735e-06,5424.1969940086665
384,lower,0.05460448335,-0.003147827175,0.0005874174999999,0.0347682256985909,-5.316251353454589e-06,1.962766695592696e-06,5400.758604266295
385,lower,0.05519138495,-0.003127324845,0.0005871016,0.0350697848078158,-5.33903130711391e-06,1.953336167433138e-06,5377.346141086924
386,lower,0.0557779678,-0.003106663265,0.0005867916,0.0353484450339272,-5.361455030666826e-06,1.943922742800369e-06,5353.959608647885
387,lower,0.05636423805,-0.00308585567,0.0005864871999999,0.0356047863956629,-5.383523281844796e-06,1.9345264047995584e-06,5330.599002639066
388,lower,0.0569502018,-0.003064914975,0.0005861883999999,0.0358392391047261,-5.405236804668733e-06,1.925147129181476e-06,5307.264298839898
389,lower,0.05753586495,-0.00304385378,0.0005858950999999,0.0360523893470063,-5.4265963259382025e-06,1.915784886145045e-06,5283.955457638682
390,lower,0.0581212333499999,-0.0030226843699999,0.0005856071,0.0362446538115632,-5.4476025519248615e-06,1.9064396421281261e-06,5260.672428531935
391,lower,0.05870631275,-0.0030014187549999,0.0005853243999999,0.0364164929960992,-5.468256175972719e-06,1.8971113567819346e-06,5237.415142628323
392,lower,0.0592911088,-0.002980068665,0.0005850469,0.0365683447516048,-5.4885578751023225e-06,1.8877999847431694e-06,5214.183517094641
393,lower,0.05987562705,-0.0029586455499999,0.0005847744999999,0.0367006738323573,-5.508508310318353e-06,1.878505475805021e-06,5190.977455618184
394,lower,0.0604598729,-0.002937160595,0.000584507,0.0368138769713652,-5.528108123592575e-06,1.8692277766655955e-06,5167.796852810767
395,lower,0.06104385175,-0.00291562475,0.0005842445999999,0.0369083012975176,-5.547357951524454e-06,1.859966824721501e-06,5144.641578730631
396,lower,0.06162756885,-0.002894048725,0.0005839868,0.0369843829732695,-5.566258402320216e-06,1.8507225593190626e-06,5121.511507033213
397,lower,0.06221102935,-0.002872442985,0.000583734,0.0370424832619209,-5.584810085634538e-06,1.8414949076393224e-06,5098.406479705591
398,lower,0.0627942384,-0.00285081777,0.0005834856999999,0.0370829604815223,-5.603013583571709e-06,1.8322837990831484e-06,5075.326343081103
399,lower,0.063377201,-0.00282918311,0.0005832422,0.0371061465465935,-5.620869476443654e-06,1.8230891527495068e-06,5052.270916516967
400,lower,0.0639599221,-0.0028075488249999,0.0005830029999999,0.0371123899687833,-5.638378318085645e-06,1.8139108901884553e-06,5029.240024376496
401,lower,0.0645424065999999,-0.00278592453,0.0005827684999999,0.0371020082870029,-5.655540663566866e-06,1.8047489213375005e-06,5006.233460785696
402,lower,0.0651246593,-0.00276431965,0.0005825382,0.0370753075888918,-5.672357042347124e-06,1.7956031588055777e-06,4983.251025497149
403,lower,0.0657066849,-0.00274274342,0.0005823124999999,0.0370326079162269,-5.6888279849669766e-06,1.7864735038383001e-06,4960.292488668436
404,lower,0.066288488,-0.002721204885,0.0005820908,0.0369742177678659,-5.704953994481489e-06,1.7773598621274505e-06,4937.357630616285
405,lower,0.06687007325,-0.002699712915,0.0005818736,0.0369003889475105,-5.7207355776713955e-06,1.7682621266695134e-06,4914.446198725568
406,lower,0.06745144515,-0.00267827622,0.0005816604,0.0368114060201227,-5.736173217436283e-06,1.759180193522092e-06,4891.55794711532
407,lower,0.06803260815,-0.002656903335,0.0005814513999999,0.0367075617538055,-5.751267392167255e-06,1.7501139509542122e-06,4868.692609344208
408,lower,0.0686135667,-0.002635602635,0.0005812463999999,0.0365890848083571,-5.766018565139534e-06,1.7410632857904912e-06,4845.84991440834
409,lower,0.0691943251,-0.002614382345,0.0005810455,0.0364562545263316,-5.780427192512384e-06,1.7320280788214582e-06,4823.029575184789
410,lower,0.0697748876,-0.00259325054,0.0005808484,0.0363092886721037,-5.794493713447338e-06,1.723008211115399e-06,4800.231304383149
411,lower,0.0703552584,-0.002572215145,0.0005806554,0.0361484684092214,-5.808218565023982e-06,1.7140035547798067e-06,4777.454791221211
412,lower,0.07093544175,-0.00255128394,0.0005804662,0.0359739835719472,-5.821602167688369e-06,1.7050139823667459e-06,4754.699725203695
413,lower,0.0715154417,-0.002530464575,0.0005802807999999,0.035786096375593,-5.834644932815926e-06,1.6960393622868886e-06,4731.965784552526
414,lower,0.07209526225,-0.0025097645699999,0.0005800990999999,0.0355849795983439,-5.847347260558e-06,1.6870795604326336e-06,4709.252640329194
415,lower,0.0726749075,-0.002489191315,0.0005799213,0.0353708783765908,-5.859709546417897e-06,1.6781344356206515e-06,4686.559944887623
416,lower,0.07325438135,-0.00246875207,0.0005797470999999,0.0351440039040487,-5.871732170541236e-06,1.6692038473882514e-06,4663.887351656012
417,lower,0.07383368765,-0.00244845397,0.0005795765999999,0.0349045669892453,-5.8834155065102226e-06,1.660287649889839e-06,4641.234499671746
418,lower,0.0744128303,-0.002428304045,0.0005794095999999,0.0346526990792212,-5.8947599152155075e-06,1.6513856965768417e-06,4618.601025471622
419,lower,0.07499181315,-0.00240830921,0.0005792463,0.0343886589691771,-5.905765752954715e-06,1.6424978341122409e-06,4595.986547637395
420,lower,0.07557063985,-0.002388476255,0.0005790865,0.0341126315260379,-5.916433363722514e-06,1.6336239085897448e-06,4573.390682619527
421,lower,0.0761493141,-0.00236881187,0.0005789301999999,0.0338247607959323,-5.9267630832189925e-06,1.6247637625158699e-06,4550.81303707256
422,lower,0.0767278396499999,-0.002349322645,0.0005787772999999,0.0335252327691347,-5.9367552370998396e-06,1.6159172363969903e-06,4528.253211904557
423,lower,0.0773062200999999,-0.0023300150649999,0.0005786279,0.0332142335085008,-5.946410144637102e-06,1.6070841657396604e-06,4505.710794641829
424,lower,0.0778844589999999,-0.00231089551,0.0005784818999999,0.0328919381018951,-5.955728115300416e-06,1.5982643841685094e-06,4483.185367385384
425,lower,0.07846255985,-0.00229197027,0.0005783391999999,0.0325584818112402,-5.964709449022252e-06,1.5894577234705321e-06,4460.676506940428
426,lower,0.07904052615,-0.00227324554,0.0005781999,0.0322140522934278,-5.9733544394242355e-06,1.5806640106004446e-06,4438.183777171424
427,lower,0.07961836135,-0.00225472742,0.0005780638,0.0318587914268844,-5.981663369307439e-06,1.5718830722996122e-06,4415.706740818105
428,lower,0.0801960689,-0.00223642193,0.0005779311999999,0.0314928304688542,-5.9896365180171345e-06,1.563114727540803e-06,4393.244940167231
429,lower,0.08077365215,-0.00221833499,0.0005778015999999,0.031116392170745,-5.997274150237032e-06,1.554358799729919e-06,4370.797928303858
430,lower,0.0813511144,-0.0022004724449999,0.0005776753,0.030729516753798,-6.00457652729023e-06,1.545615104603305e-06,4348.3652381235015
431,lower,0.081928459,-0.00218284006,0.0005775521999999,0.0303324341907254,-6.011543901595937e-06,1.536883456341421e-06,4325.946397994322
432,lower,0.08250568915,-0.00216544351,0.0005774322999999,0.029925241441678,-6.018176518139624e-06,1.5281636661020632e-06,4303.5409280068425
433,lower,0.08308280805,-0.0021482884,0.0005773154999999,0.0295080841368775,-6.024474613385848e-06,1.5194555435673941e-06,4281.148343953744
434,lower,0.0836598189499999,-0.002131380255,0.0005772017,0.0290810894267662,-6.030438415483845e-06,1.510758896981369e-06,4258.768157438315
435,lower,0.084236725,-0.0021147245299999,0.0005770910999999,0.0286443846085103,-6.036068147486116e-06,1.5020735286663524e-06,4236.399864344357
436,lower,0.0848135293,-0.002098326605,0.0005769835999999,0.0281981095418214,-6.0413640241655715e-06,1.4933992395875665e-06,4214.042956579689
437,lower,0.0853902349,-0.00208219179,0.000576879,0.0277423746671516,-6.0463262514181764e-06,1.48473583088619e-06,4191.696926045295
438,lower,0.08596684485,-0.002066325325,0.0005767774,0.0272773157074719,-6.050955029134935e-06,1.4760830994038428e-06,4169.361253107567
439,lower,0.08654336215,-0.0020507323799999,0.0005766789,0.0268030483921727,-6.055250551003048e-06,1.4674408377266792e-06,4147.035406702919
440,lower,0.0871197898,-0.00203541807,0.0005765833,0.0263196525790764,-6.059213002216513e-06,1.458808838711658e-06,4124.71885602858
441,lower,0.0876961308,-0.002020387435,0.0005764906999999,0.0258273137759225,-6.062842561828823e-06,1.450186891027782e-06,4102.411059031283
442,lower,0.08827238805,-0.002005645455,0.0005764009,0.0253260696922163,-6.066139400866826e-06,1.4415747836758878e-06,4080.1114741023175
443,lower,0.0888485644,-0.001991197055,0.0005763139999999,0.0248160840759066,-6.069103684366103e-06,1.432972301527396e-06,4057.8195485430683
444,lower,0.0894246626999999,-0.00197704709,0.0005762301999999,0.0242974428740303,-6.071735571599644e-06,1.4243792238758475e-06,4035.534714797369
445,lower,0.09000068585,-0.001963200365,0.0005761489999999,0.0237702368491152,-6.074035212796563e-06,1.4157953349023733e-06,4013.2564175881093
446,lower,0.0905766366,-0.00194966163,0.0005760707,0.0232345865493538,-6.076002753115135e-06,1.4072204117680843e-06,3990.984083053783
447,lower,0.0911525176999999,-0.00193643557,0.0005759951999999,0.0226906054579898,-6.077638330817907e-06,1.3986542306128885e-06,3968.717134306149
448,lower,0.0917283319499999,-0.00192352682,0.0005759226,0.0221383583021603,-6.0789420779280444e-06,1.3900965636033013e-06,3946.4549837611776
449,lower,0.092304082,-0.00191093996,0.0005758527,0.021577992397464,-6.079914119580957e-06,1.3815471834191466e-06,3924.197044812716
450,lower,0.0928797705499999,-0.001898679525,0.0005757856,0.021009522502386,-6.080554574791628e-06,1.3730058588150923e-06,3901.942720290932
451,lower,0.0934554002999999,-0.001886749995,0.0005757212,0.0204331349148529,-6.080863556118759e-06,1.3644723576175e-06,3879.6914102647397
452,lower,0.0940309739,-0.001875155795,0.0005756594999999,0.0198488488137736,-6.080841169921594e-06,1.3559464452659997e-06,3857.442508249626
453,lower,0.0946064939,-0.001863901305,0.0005756006,0.0192568190077761,-6.0804875163576144e-06,1.347427883355126e-06,3835.195397402041
454,lower,0.09518196285,-0.001852990855,0.0005755442999999,0.0186570756898718,-6.079802689510801e-06,1.3389164340995807e-06,3812.9494621778995
455,lower,0.0957573834,-0.00184242874,0.0005754907,0.0180497152179636,-6.078786777266274e-06,1.3304118559077412e-06,3790.7040767753983
456,lower,0.09633275805,-0.001832219195,0.0005754396999999,0.017434871584883,-6.077439861635932e-06,1.3219139063693437e-06,3768.45861294825
457,lower,0.09690808925,-0.0018223664099999,0.0005753915,0.0168125825522457,-6.075762018143818e-06,1.3134223378452275e-06,3746.2124284651873
458,lower,0.0974833795,-0.00181287454,0.0005753454999999,0.0161829414969592,-6.073753318131324e-06,1.3049369092890684e-06,3723.9648980788907
459,lower,0.0980586313,-0.001803747695,0.0005753029999999,0.0155460246708074,-6.071413822412508e-06,1.2964573582414388e-06,3701.7153401135474
460,lower,0.09863384705,-0.00179498994,0.000575262,0.0149019311336357,-6.068743593659273e-06,1.2879834495078765e-06,3679.4631441367455
461,lower,0.09920902915,-0.0017866053,0.0005752239999999,0.0142507146146605,-6.065742682744669e-06,1.2795149235802574e-06,3657.2076356520415
462,lower,0.09978418005,-0.001778597755,0.000575189,0.0135924892185222,-6.062411133952055e-06,1.2710515187791959e-06,3634.948134151335
463,lower,0.100359302,-0.00177097125,0.0005751569999999,0.0129272864042414,-6.0587489850910554e-06,1.262592971267981e-06,3612.6839531573223
464,lower,0.1009343975,-0.001763729695,0.000575125,0.0122551999359428,-6.05475628818153e-06,1.2541390591641445e-06,3590.4145164150787
465,lower,0.1015094685,-0.00175687695,0.0005750989999999,0.0115763471368243,-6.050433049015076e-06,1.2456894702478752e-06,3568.139009514512
466,lower,0.1020845175,-0.001750416845,0.0005750729999999,0.0108907089636564,-6.04577931014699e-06,1.237243978366166e-06,3545.8568445602245
467,lower,0.1026595475,-0.0017443531749999,0.00057505,0.0101984217625381,-6.040795086403328e-06,1.2288023111746813e-06,3523.5673116684256
468,lower,0.1032345594999999,-0.001738689695,0.0005750299999999,0.0094995777151008,-6.035480386858538e-06,1.2203641942517788e-06,3501.26969523283
469,lower,0.103809556,-0.001733430125,0.0005750119999999,0.0087941697111372,-6.029835223790813e-06,1.2119293657807074e-06,3478.9633127068423
470,lower,0.10438454,-0.00172857815,0.000574997,0.0080823245534056,-6.023859593910089e-06,1.2034975472151151e-06,3456.6474370720057
471,lower,0.1049595134999999,-0.00172413742,0.000574983,0.0073640899939883,-6.017553509535771e-06,1.1950684872913037e-06,3434.3214133212855
472,lower,0.1055344779999999,-0.0017201115549999,0.0005749739999999,0.0066395469302809,-6.010916934229878e-06,1.1866418740722088e-06,3411.9844255656353
473,lower,0.106109436,-0.001716504145,0.000574965,0.0059087138206987,-6.003949882079043e-06,1.1782174668883828e-06,3389.635846535689
474,lower,0.1066843899999999,-0.001713318735,0.0005749599999999,0.005171742143749,-5.996652314963119e-06,1.1697949644480658e-06,3367.2748880322183
475,lower,0.1072593415,-0.00171055884,0.0005749559999999,0.0044286267066314,-5.989024226801777e-06,1.161374107421336e-06,3344.9008730341275
476,lower,0.1078342925,-0.00170822796,0.000574956,0.0036794273830534,-5.9810655671132775e-06,1.152954590548046e-06,3322.5130023380802
477,lower,0.1084092455,-0.0017063295499999,0.000574957,0.0029242553026309,-5.972776320330551e-06,1.1445361505351159e-06,3300.110588083429
478,lower,0.1089842024999999,-0.00170486703,0.0005749609999999,0.0021631421721102,-5.96415643802751e-06,1.136118492846708e-06,3277.6928591590267
479,lower,0.1095591655,-0.00170384381,0.000574967,0.0013961140003922,-5.955205881020548e-06,1.1277013356336464e-06,3255.259078043782
480,lower,0.1101341365,-0.001703263255,0.0005749759999999,0.0006233139764094,-5.945924589384176e-06,1.1192843804714078e-06,3232.808462875677
481,lower,0.1107091175,-0.001703128695,0.0005749859999999,-0.0001552556827941,-5.936312530302033e-06,1.1108673562913465e-06,3210.340304598838
482,lower,0.1112841105,-0.00170344345,0.000575,-0.0009395491836226,-5.926369616206447e-06,1.102449946185928e-06,3187.853771670196
483,lower,0.111859117,-0.001704210805,0.0005750149999999,-0.0017294692103009,-5.916095805367898e-06,1.094031875255264e-06,3165.34814456866
484,lower,0.1124341395,-0.00170543401,0.000575033,-0.0025249715483049,-5.905491016009546e-06,1.0856128374260115e-06,3142.822620326146
485,lower,0.11300918,-0.001707116295,0.0005750519999999,-0.0033260115594566,-5.8945551980625735e-06,1.0771925540170784e-06,3120.2764691170414
486,lower,0.11358424,-0.001709260865,0.000575076,-0.0041325342504954,-5.883288220500783e-06,1.06877068589388e-06,3097.708799117186
487,lower,0.1141593215,-0.001711870895,0.0005750989999999,-0.0049444643339144,-5.871690063523883e-06,1.060346979914835e-06,3075.118948733289
488,lower,0.1147344264999999,-0.00171494953,0.000575127,-0.0057617551393709,-5.859760583451052e-06,1.0519210932024339e-06,3052.5060157100297
489,lower,0.1153095565,-0.0017184999,0.0005751549999999,-0.0065843890512921,-5.8474997336975385e-06,1.043492754263532e-06,3029.8692891610926
490,lower,0.1158847135,-0.001722525105,0.000575187,-0.007412251175296,-5.8349073789556074e-06,1.035061631150063e-06,3007.207895790246
491,lower,0.1164598995,-0.001727028215,0.000575221,-0.0082453307944903,-5.821983420798235e-06,1.026627419379261e-06,2984.5210359058783
492,lower,0.1170351165,-0.001732012285,0.0005752559999999,-0.0090835648924206,-5.80872777923684e-06,1.0181898273027284e-06,2961.807944274586
493,lower,0.1176103655,-0.00173748034,0.000575294,-0.0099269248272019,-5.795140324742077e-06,1.0097485321203298e-06,2939.067771774302
494,lower,0.1181856485,-0.00174343538,0.0005753339999999,-0.0107752986200563,-5.781220945646614e-06,1.0013032238805098e-06,2916.299703747992
495,lower,0.118760968,-0.0017498803849999,0.000575377,-0.0116286920198735,-5.7669695006200085e-06,9.928535761375073e-07,2893.5028809411283
496,lower,0.119336325,-0.00175681831,0.0005754209999999,-0.0124870459427454,-5.7523858932623e-06,9.843992900086796e-07,2870.676518381604
497,lower,0.119914624,-0.00176438538,0.000581276,-0.0136755395544256,-5.737317744055638e-06,9.758545816205293e-07,2847.5887706300837
498,lower,0.1205002165,-0.001772619275,0.0005900249999999,-0.0144384953328026,-5.721677284349081e-06,9.671764054631683e-07,2824.1227064172917
499,lower,0.1210901945,-0.00178115359,0.000590054,-0.014490445782099,-5.705687937027924e-06,9.584927670627551e-07,2800.6240746962367
500,lower,0.121680202,-0.0017897203249999,0.0005900849999999,-0.0145469228668381,-5.689349595089769e-06,9.498036173433097e-07,2777.092741789951
501,lower,0.1222702395,-0.00179832213,0.000590116,-0.0146078180357102,-5.672662204250665e-06,9.411089350783233e-07,2753.5286494599245
502,lower,0.122860308,-0.00180696164,0.0005901479999999,-0.0146731627313371,-5.6556256807655125e-06,9.32408682740502e-07,2729.9316953854654
503,lower,0.123450408,-0.00181564146,0.0005901799999999,-0.01474284653615,-5.638239968279256e-06,9.2370283598676e-07,2706.3018130868704
504,lower,0.12404054,-0.001824364165,0.000590213,-0.0148168765248669,-5.620504980090254e-06,9.149913541904508e-07,2682.638892000723
505,lower,0.1246307045,-0.00183313232,0.000590246,-0.0148952097862443,-5.602420658066803e-06,9.062742099491967e-07,2658.9428575710663
506,lower,0.1252209025,-0.00184194846,0.0005902809999999,-0.0149777604733839,-5.583986881026069e-06,8.97551344804805e-07,2635.21355089438
507,lower,0.1258111345,-0.00185081509,0.0005903159999999,-0.0150645359858543,-5.565203587583445e-06,8.888227283350893e-07,2611.45088936399
508,lower,0.1264014004999999,-0.0018597346999999,0.000590351,-0.0151555016849506,-5.546070716350754e-06,8.800883286425885e-07,2587.654786523412
509,lower,0.126991701,-0.00186870975,0.0005903869999999,-0.0152505632355784,-5.52658817264145e-06,8.713480975676922e-07,2563.8251117333766
510,lower,0.1275820369999999,-0.0018777426749999,0.000590424,-0.0153497024538973,-5.506755859403923e-06,8.626019854801896e-07,2539.96173039304
511,lower,0.1281724095,-0.0018868358899999,0.0005904599999999,-0.0154528672494514,-5.4865737455818134e-06,8.5384997093512e-07,2516.064584913147
512,lower,0.1287628185,-0.001895991795,0.0005904989999999,-0.0155601089999203,-5.466041662802995e-06,8.450919717650089e-07,2492.1334520454766
513,lower,0.129353264,-0.0019052127649999,0.000590537,-0.0156712897298292,-5.445159578822105e-06,8.363279636730826e-07,2468.168266696766
514,lower,0.129943747,-0.00191450114,0.000590576,-0.0157863742290035,-5.423927390667064e-06,8.275578913008093e-07,2444.1688790077674
515,lower,0.1305342685,-0.0019238592549999,0.0005906149999999,-0.0159053780430214,-5.402345029541525e-06,8.187817127342071e-07,2420.1351759957633
516,lower,0.1311248285,-0.001933289415,0.0005906549999999,-0.0160282355164697,-5.380412389511885e-06,8.09999369820854e-07,2396.067000355599
517,lower,0.1317154274999999,-0.0019427939,0.000590696,-0.0161548982909148,-5.358129362572894e-06,8.012108030246054e-07,2371.964191062652
518,lower,0.1323060664999999,-0.00195237498,0.000590737,-0.0162853516861807,-5.335495876665958e-06,7.924159663185944e-07,2347.826624230697
519,lower,0.1328967455,-0.001962034895,0.000590779,-0.0164195610304648,-5.3125118208229e-06,7.836147974456233e-07,2323.6541315791937
520,lower,0.133487465,-0.001971775865,0.0005908209999999,-0.0165574636364964,-5.289177121498436e-06,7.748072477052645e-07,2299.4465821674216
521,lower,0.1340782254999999,-0.001981600095,0.0005908629999999,-0.0166990693181007,-5.265491704846743e-06,7.659932670840218e-07,2275.2038416125256
522,lower,0.1346690274999999,-0.00199150977,0.000590907,-0.0168442979793665,-5.241455415367492e-06,7.571727744126998e-07,2250.925689946902
523,lower,0.135259872,-0.00200150705,0.000590951,-0.0169931142122654,-5.217068175954696e-06,7.483457170489862e-07,2226.6119857568633
524,lower,0.135850759,-0.002011594075,0.0005909959999999,-0.0171455406005724,-5.192329867638081e-06,7.395120261271507e-07,2202.2625430973476
525,lower,0.1364416889999999,-0.00202177297,0.00059104,-0.017301472353075,-5.16724045427265e-06,7.306716613977253e-07,2177.877255043032
526,lower,0.137032663,-0.002032045835,0.0005910859999999,-0.0174608984555654,-5.14179977176772e-06,7.218245364856536e-07,2153.455887591076
527,lower,0.137623681,-0.002042414755,0.0005911309999999,-0.0176238349753023,-5.116007783375467e-06,7.129706086425918e-07,2128.998327263883
528,lower,0.138214743,-0.002052881795,0.0005911779999999,-0.0177901964957001,-5.089864321447212e-06,7.04109788952323e-07,2104.5043332408745
529,lower,0.13880585,-0.002063449,0.000591226,-0.0179599383414302,-5.063369259004234e-06,6.952420022119121e-07,2079.97370262014
530,lower,0.139397003,-0.0020741184,0.000591272,-0.0181330516218869,-5.036522602911496e-06,6.863672170009607e-07,2055.406353772878
531,lower,0.1399882015,-0.0020848919999999,0.000591321,-0.0183095495299176,-5.0093241338896055e-06,6.774853256612805e-07,2030.8019942624865
532,lower,0.140579446,-0.0020957717949999,0.000591369,-0.0184893214135876,-4.981773813385449e-06,6.685962793678239e-07,2006.1604946599048
533,lower,0.1411707375,-0.0021067597549999,0.0005914179999999,-0.0186723601096835,-4.95387150966431e-06,6.59699998063222e-07,1981.4816391462857
534,lower,0.1417620765,-0.00211785783,0.000591468,-0.0188586328774484,-4.925617088914939e-06,6.507964004878743e-07,1956.7652086566463
535,lower,0.1423534635,-0.002129067965,0.000591518,-0.0190481532010626,-4.8970104636105755e-06,6.418854192464678e-07,1932.0110227334358
536,lower,0.142944898,-0.0021403920749999,0.0005915679999999,-0.0192408682236534,-4.8680515465130455e-06,6.329669857940279e-07,1907.218897934296
537,lower,0.143536381,-0.00215183206,0.0005916199999999,-0.0194366804690996,-4.838740150696831e-06,6.240410002696806e-07,1882.388563867487
538,lower,0.1441279134999999,-0.0021633898049999,0.00059167,-0.0196356343352117,-4.809076285631586e-06,6.151074220062125e-07,1857.5199149120665
539,lower,0.1447194949999999,-0.002175067175,0.0005917229999999,-0.0198377133341209,-4.779059710987564e-06,6.061661337315534e-07,1832.6126324397333
540,lower,0.145311126,-0.002186866025,0.000591775,-0.0200428320460047,-4.748690386083242e-06,5.972170774413473e-07,1807.666562956984
541,lower,0.1459028075,-0.00219878819,0.0005918289999999,-0.0202509716747081,-4.717968115680301e-06,5.882601486587328e-07,1782.6814235906422
542,lower,0.14649454,-0.00221083548,0.000591881,-0.0204620972914756,-4.686892910696004e-06,5.792953023294847e-07,1757.657097348178
543,lower,0.1470863235,-0.002223009695,0.0005919359999999,-0.0206762418082762,-4.655464520118886e-06,5.703224165939709e-07,1732.593253069676
544,lower,0.147678158,-0.00223531262,0.0005919889999999,-0.0208933199022095,-4.623682956033359e-06,5.613414442595512e-07,1707.48976824384
545,lower,0.1482700445,-0.00224774602,0.000592045,-0.0211132762833263,-4.591547962084901e-06,5.523522612256041e-07,1682.3463055825878
546,lower,0.1488619835,-0.0022603116449999,0.0005921,-0.0213361484024678,-4.559059495766824e-06,5.433548030048779e-07,1657.1626945799794
547,lower,0.149453975,-0.00227301123,0.0005921559999999,-0.0215618805791507,-4.526217405415819e-06,5.343489736815295e-07,1631.9386769895589
548,lower,0.15004602,-0.0022858465,0.000592212,-0.0217904201493976,-4.493021593045483e-06,5.253346914789173e-07,1606.6740342777211
549,lower,0.150638118,-0.002298819155,0.000592268,-0.0220218428563081,-4.459471960956578e-06,5.163118735907534e-07,1581.3685452391499
550,lower,0.1512302695,-0.0023119308749999,0.0005923259999999,-0.0222559285597847,-4.425568296668433e-06,5.072804056976419e-07,1556.0219004122107
551,lower,0.1518224759999999,-0.0023251833349999,0.000592383,-0.0224928036278432,-4.391310556740733e-06,4.9824021816721e-07,1530.6339158161472
552,lower,0.152414737,-0.002338578195,0.0005924409999999,-0.0227324380351318,-4.3566985829513166e-06,4.891912098511153e-07,1505.204319206397
553,lower,0.153007053,-0.002352117095,0.0005925,-0.0229747158047048,-4.321732214995485e-06,4.801332785643475e-07,1479.7328355239697
554,lower,0.1535994245,-0.00236580166,0.0005925589999999,-0.0232197005473677,-4.2864113500929365e-06,4.7106633639421267e-07,1454.2192299720464
555,lower,0.154191851,-0.002379633495,0.0005926179999999,-0.0234673361620045,-4.250735885749839e-06,4.619902944510777e-07,1428.6632652195967
556,lower,0.154784334,-0.0023936141999999,0.000592678,-0.0237175017454937,-4.21470565778136e-06,4.5290504754181477e-07,1403.0646581544945
557,lower,0.155376874,-0.0024077453599999,0.0005927379999999,-0.0239703442151003,-4.178320561303487e-06,4.438105048083465e-07,1377.4231661837337
558,lower,0.15596947,-0.00242202853,0.000592799,-0.0242257329231663,-4.1415804300373345e-06,4.3470655908614745e-07,1351.7385009410516
559,lower,0.1565621234999999,-0.002436465265,0.00059286,-0.0244835937264631,-4.104485157596748e-06,4.2559311759012655e-07,1326.0104147261925
560,lower,0.157154835,-0.00245105711,0.0005929219999999,-0.0247440461805165,-4.067034574125838e-06,4.1647007120443957e-07,1300.238613893306
561,lower,0.1577476039999999,-0.00246580558,0.000592983,-0.0250069486774306,-4.029228635787305e-06,4.073373406449119e-07,1274.4228892551464
562,lower,0.1583404315,-0.0024807121799999,0.0005930459999999,-0.0252722821775589,-3.9910671068735795e-06,3.981947995017e-07,1248.562898581713
563,lower,0.1589333175,-0.002495778405,0.000593109,-0.0255401137354264,-3.952549877991506e-06,3.8904235122154486e-07,1222.6583841821532
564,lower,0.1595262625,-0.002511005735,0.000593172,-0.0258102796025698,-3.913676839440306e-06,3.7987989834312874e-07,1196.7090859799553
565,lower,0.160119267,-0.002526395635,0.0005932359999999,-0.0260828912343295,-3.874447815084254e-06,3.7070732704366937e-07,1170.7146977172192
566,lower,0.1607123309999999,-0.002541949555,0.0005932999999999,-0.0263578265944058,-3.834862693717418e-06,3.61524538040192e-07,1144.6749544849463
567,lower,0.161305455,-0.002557668935,0.000593365,-0.0266351283267027,-3.794921296512389e-06,3.5233141567058627e-07,1118.5895450843536
568,lower,0.1618986395,-0.0025735552,0.000593429,-0.0269146996804959,-3.7546235783670924e-06,3.4312787436585465e-07,1092.4582438620312
569,lower,0.1624918845,-0.002589609755,0.0005934959999999,-0.0271966131894341,-3.7139692219481975e-06,3.339137656381986e-07,1066.2806466924255
570,lower,0.1630851904999999,-0.002605833995,0.0005935599999999,-0.0274807136964481,-3.6729583188328375e-06,3.246890332416625e-07,1040.0566116131154
571,lower,0.1636785585,-0.00262222931,0.0005936279999999,-0.0277670910324092,-3.6315904775272667e-06,3.1545351131427793e-07,1013.7856852690475
572,lower,0.164271988,-0.002638797065,0.000593693,-0.0280557073918573,-3.589865791660832e-06,3.062071419723254e-07,987.4677215319058
573,lower,0.1648654789999999,-0.00265553861,0.0005937609999999,-0.0283465015867969,-3.5477839349514163e-06,2.9694977309958936e-07,961.1023063383061
574,lower,0.1654590325,-0.00267245529,0.000593829,-0.028639420808295,-3.505344789569917e-06,2.8768129841897457e-07,934.6891561809474
575,lower,0.166052649,-0.00268954844,0.0005938959999999,-0.0289345282850389,-3.4625483094381245e-06,2.784016264498912e-07,908.228029929324
576,lower,0.166646328,-0.002706819375,0.000593965,-0.0292317882193339,-3.4193942325802418e-06,2.69110618019442e-07,881.7185506703057
577,lower,0.1672400705,-0.00272426939,0.0005940329999999,-0.0295310192765424,-3.3758825125954072e-06,2.598081800244325e-07,855.1604730223852
578,lower,0.167833877,-0.00274189978,0.000594102,-0.0298324503229164,-3.332012956870371e-06,2.504941872532591e-07,828.5534601444335
579,lower,0.168427747,-0.002759711825,0.000594172,-0.0301358977483782,-3.2877853712943233e-06,2.4116851364355413e-07,801.8971728967057
580,lower,0.1690216815,-0.002777706785,0.0005942419999999,-0.0304413255599374,-3.243199634396863e-06,2.3183104800585741e-07,775.1913147623109
581,lower,0.1696156805,-0.002795885915,0.0005943129999999,-0.0307488516748205,-3.198255549070435e-06,2.2248166263501537e-07,748.4355421574694
582,lower,0.1702097444999999,-0.00281425045,0.000594383,-0.0310582359743973,-3.152953068549871e-06,2.1312026049760555e-07,721.6295994259154
583,lower,0.1708038734999999,-0.002832801615,0.000594454,-0.0313697360355436,-3.1072919942149866e-06,2.0374671231149898e-07,694.7731387894682
584,lower,0.171398068,-0.00285154063,0.0005945259999999,-0.0316830204729398,-3.0612721253521017e-06,1.9436088797383927e-07,667.865810218426
585,lower,0.1719923285,-0.002870468695,0.000594597,-0.031998352796992,-3.014893415153968e-06,1.8496268818345256e-07,640.9073521367876
586,lower,0.172586655,-0.002889586995,0.0005946709999999,-0.0323154675776874,-2.968155504203814e-06,1.7555194965053688e-07,613.897319585195
587,lower,0.173181048,-0.002908896705,0.000594742,-0.0326345422263428,-2.9210585025576466e-06,1.6612860323872224e-07,586.8355379346735
588,lower,0.1737755074999999,-0.002928398995,0.0005948159999999,-0.0329554331162405,-2.873602046906346e-06,1.5669248406515655e-07,559.7215578645987
589,lower,0.174370034,-0.002948095015,0.00059489,-0.0332781601596839,-2.8257860094122603e-06,1.4724347399545801e-07,532.5550644015927
590,lower,0.1749646275,-0.0029679859,0.0005949629999999,-0.0336027057502035,-2.7776103431954374e-06,1.3778147008047553e-07,505.3357864467157
591,lower,0.175559289,-0.00298807278,0.000595038,-0.0339289550657237,-2.7290747578483557e-06,1.2830632094484906e-07,478.0633137529594
592,lower,0.1761540185,-0.003008356775,0.0005951119999999,-0.0342571006600928,-2.6801792058660552e-06,1.1881792221373818e-07,450.7373714683465
593,lower,0.176748816,-0.00302883899,0.000595188,-0.0345868958115177,-2.6309233932424455e-06,1.0931612097860027e-07,423.357545156244
594,lower,0.177343682,-0.00304952051,0.0005952629999999,-0.0349184620111332,-2.581307272144335e-06,9.980081147210146e-08,395.9235563138378
595,lower,0.1779386165,-0.003070402415,0.000595339,-0.0352517152972349,-2.5313306286146236e-06,9.027185528927237e-08,368.43503255249874
596,lower,0.17853362,-0.00309148578,0.000595415,-0.0355866626095488,-2.4809933311396407e-06,8.072912930375914e-08,340.8916456797073
597,lower,0.179128693,-0.00311277166,0.0005954919999999,-0.0359232260656305,-2.430295162755631e-06,7.117249366672973e-08,313.2930193813546
598,lower,0.1797131235,-0.00313387248,0.000574131,-0.0362614511270477,-2.381080057766645e-06,6.194655118037788e-08,286.63516259225287
600,spar,0.18,-0.0030058574499999,0.000276844298,1.5707963267948966,-2.3572692571889778e-06,5.7533268783689947e-08,273.8691312064382
601,spar,0.18,-0.00272901315,0.000276844299,1.5707963267948966,-2.3334584565253026e-06,5.319662913722625e-08,261.30309330713897
602,spar,0.18,-0.00245216885,0.000276844298,1.5707963267948966,-2.309647655947635e-06,4.893663227231589e-08,248.93704898513573
603,spar,0.18,-0.002175324555,0.0002768442949999,1.5707963267948966,-2.285836855628e-06,4.475327821724419e-08,236.77099832326692
604,spar,0.18,-0.00189848026,0.0002768442999999,1.5707963267948966,-2.2620260548783253e-06,4.0646566851676455e-08,224.80494097140922
605,spar,0.18,-0.00162163596,0.0002768443,1.5707963267948966,-2.238215254128642e-06,3.6616498252549724e-08,213.03887715289773
606,spar,0.18,-0.00134479166,0.0002768442999999,1.5707963267948966,-2.214404453378967e-06,3.266307241986691e-08,201.47280686774093
607,spar,0.18,-0.0010679473615,0.0002768442999999,1.5707963267948966,-2.1905936526292922e-06,2.8786289353211293e-08,190.106730114851
608,spar,0.18,-0.0007911030635,0.0002768443,1.5707963267948966,-2.166782851879609e-06,2.498614905244308e-08,178.94064689386266
609,spar,0.18,-0.000514258765,0.0002768442899999,1.5707963267948966,-2.1429720519900134e-06,2.1262651652201328e-08,167.97455760125558
610,spar,0.18,-0.0002374144667,0.0002768443,1.5707963267948966,-2.11916125124033e-06,1.761579688343219e-08,157.20846144465656
611,spar,0.18,3.94298318e-05,0.0002768443,1.5707963267948966,-2.0953504504906467e-06,1.4045584880690278e-08,146.64235882032452
612,spar,0.18,0.00031627413,0.0002768442999999,1.5707963267948966,-2.071539649740972e-06,1.0552015643893797e-08,136.27624972804637
613,spar,0.18,0.0005931184285,0.0002768443,1.5707963267948966,-2.0477288489912885e-06,7.135089173123278e-09,126.1101341680314
614,spar,0.18,0.000869962729,0.0002768443,1.5707963267948966,-2.023918048241605e-06,3.7948054689336715e-09,116.14401214172815
615,spar,0.18,0.001146807025,0.0002768442899999,1.5707963267948966,-2.0001072483520097e-06,5.311646479675919e-10,106.37788399865545
616,spar,0.18,0.00142365132,0.0002768442999999,1.5707963267948966,-1.976296447602335e-06,-2.655833525827483e-09,96.81174903255507
617,spar,0.18,0.00170049562,0.0002768443,1.5707963267948966,-1.9524856468526515e-06,-5.7661889331812195e-09,87.44560759980175
618,spar,0.18,0.00197733992,0.0002768442999999,1.5707963267948966,-1.9286748461029766e-06,-8.799901574091371e-09,78.27945970040226
619,spar,0.18,0.00225418422,0.0002768442999999,1.5707963267948966,-1.904864045353302e-06,-1.1756971448559059e-08,69.31330533435323
620,spar,0.18,0.00253102852,0.0002768443,1.5707963267948966,-1.8810532446036186e-06,-1.4637398556585325e-08,60.54714450165148
621,spar,0.18,0.0028078728199999,0.0002768442899999,1.5707963267948966,-1.8572424447140231e-06,-1.7441182796891537e-08,51.98097751172512
622,spar,0.18,0.003084717115,0.0002768442999999,1.5707963267948966,-1.8334316439643485e-06,-2.016832437341606e-08,43.61480374211543
623,spar,0.18,0.00336156141,0.0002768443,1.5707963267948966,-1.8096208432146652e-06,-2.2818823184883298e-08,35.4486235022412
624,spar,0.18,0.0036384057099999,0.0002768442999999,1.5707963267948966,-1.7858100424649905e-06,-2.5392679229907147e-08,27.482436795720304
625,spar,0.18,0.0039152500099999,0.0002768442999999,1.5707963267948966,-1.7619992417153159e-06,-2.788989250848853e-08,19.71624362254984
626,spar,0.18,0.00419209431,0.0002768443,1.5707963267948966,-1.7381884409656325e-06,-3.03104630206283e-08,12.150043982727183
627,spar,0.18,0.00446893861,0.0002768442999999,1.5707963267948966,-1.7143776402159579e-06,-3.265439076632473e-08,4.7838378762577065
628,spar,0.18,0.004745782905,0.00027684429,1.5707963267948966,-1.6905668403263537e-06,-3.492167566506626e-08,-2.382374441622389
629,spar,0.18,0.0050226272,0.0002768442999999,1.5707963267948966,-1.666756039576679e-06,-3.711231788064621e-08,-9.348593488615009
630,spar,0.18,0.0052994715,0.0002768443,1.5707963267948966,-1.6429452388269957e-06,-3.9226317329784465e-08,-16.114819002259622
631,spar,0.18,0.0055763158,0.0002768443,1.5707963267948966,-1.6191344380773124e-06,-4.126367401248022e-08,-22.681050982553714
632,spar,0.18,0.0058531601,0.0002768442999999,1.5707963267948966,-1.5953236373276377e-06,-4.322438792873279e-08,-29.047289429494995
633,spar,0.18,0.0061300044,0.0002768443,1.5707963267948966,-1.5715128365779544e-06,-4.510845907854357e-08,-35.21353434308806
634,spar,0.18,0.006406848695,0.0002768442899999,1.5707963267948966,-1.547702036688359e-06,-4.6915887398008614e-08,-41.17978551143119
635,spar,0.18,0.00668369299,0.0002768443,1.5707963267948966,-1.5238912359386756e-06,-4.864667301770286e-08,-46.94604336554724
636,spar,0.18,0.00696053729,0.0002768442599999,1.5707963267948966,-1.5000804386293173e-06,-5.030081563195428e-08,-52.51230688206603
637,spar,0.18,0.00723738159,0.0002768443,1.5707963267948966,-1.476269637879634e-06,-5.1878315718763546e-08,-57.87857766948102
638,spar,0.18,0.00751422589,0.0002768443,1.5707963267948966,-1.4524588371299507e-06,-5.337917303913032e-08,-63.044854923545515
639,spar,0.18,0.00779107019,0.0002768442999999,1.5707963267948966,-1.428648036380276e-06,-5.480338759305409e-08,-68.01113864425767
640,spar,0.18,0.008067914485,0.0002768443,1.5707963267948966,-1.4048372356305927e-06,-5.61509593819201e-08,-72.77742883523314
641,spar,0.18,0.00834475878,0.0002768443,1.5707963267948966,-1.3810264348809093e-06,-5.742188840572785e-08,-77.3437254964701
642,spar,0.18,0.00862160308,0.0002768442999999,1.5707963267948966,-1.3572156341312347e-06,-5.861617466309268e-08,-81.71002862435498
643,spar,0.18,0.00889844738,0.0002768443,1.5707963267948966,-1.3334048333815514e-06,-5.973381815401544e-08,-85.8763382188909
644,spar,0.18,0.00917529168,0.0002768443,1.5707963267948966,-1.309594032631868e-06,-6.077481887849572e-08,-89.84265428007629
645,spar,0.18,0.00945213598,0.0002768442999999,1.5707963267948966,-1.2857832318821934e-06,-6.173917683653316e-08,-93.60897680790984
646,spar,0.18,0.00972898028,0.0002768443,1.5707963267948966,-1.26197243113251e-06,-6.262689202812846e-08,-97.17530580239419
647,spar,0.18,0.010005824565,0.0002768443,1.5707963267948966,-1.2381616303828267e-06,-6.343796445743393e-08,-100.54164127436408
648,spar,0.18,0.01028266885,0.0002768442999999,1.5707963267948966,-1.214350829633152e-06,-6.417239412444931e-08,-103.70798322381837
649,spar,0.18,0.01055951315,0.0002768443,1.5707963267948966,-1.1905400288834687e-06,-6.483018102502247e-08,-106.67433163992331
650,spar,0.18,0.01083635745,0.0002768443,1.5707963267948966,-1.1667292281337854e-06,-6.541132515915313e-08,-109.44068652267771
651,spar,0.18,0.01111320175,0.0002768442999999,1.5707963267948966,-1.1429184273841107e-06,-6.591582652684112e-08,-112.00704787208065
652,spar,0.18,0.01139004605,0.0002768443,1.5707963267948966,-1.1191076266344274e-06,-6.634368512808681e-08,-114.373415688134
653,spar,0.18,0.01166689035,0.0002768443,1.5707963267948966,-1.095296825884744e-06,-6.669490096289e-08,-116.53978997083685
654,spar,0.18,0.01194373465,0.0002768442999999,1.5707963267948966,-1.0714860251350694e-06,-6.696947403125061e-08,-118.50617072018844
655,spar,0.18,0.01222057895,0.0002768443,1.5707963267948966,-1.047675224385386e-06,-6.716740433316883e-08,-120.27255793619025
656,spar,0.18,0.01249742325,0.0002768442999999,1.5707963267948966,-1.0238644236357114e-06,-6.728869186864452e-08,-121.83895161884095
657,spar,0.18,0.01277426755,0.0002768443,1.5707963267948966,-1.000053622886028e-06,-6.733333663767776e-08,-123.20535176814172
658,spar,0.18,0.01305111185,0.0002768442999999,1.5707963267948966,-9.762428221363534e-07,-6.730133864026851e-08,-124.3717583840915
659,spar,0.18,0.01332795615,0.0002768442999999,1.5707963267948966,-9.524320213866788e-07,-6.719269787641681e-08,-125.33817146669088
660,spar,0.18,0.01360480045,0.0002768443,1.5707963267948966,-9.286212206369954e-07,-6.700741434612258e-08,-126.10459101594004
661,spar,0.18,0.01388164475,0.0002768442999999,1.5707963267948966,-9.048104198873208e-07,-6.674548804938594e-08,-126.67101703183849
662,spar,0.18,0.01415848905,0.0002768442999999,1.5707963267948966,-8.809996191376461e-07,-6.640691898620685e-08,-127.03744951438654
663,spar,0.18,0.01443533335,0.0002768443,1.5707963267948966,-8.571888183879628e-07,-6.599170715658515e-08,-127.20388846358415
664,spar,0.18,0.01471217765,0.0002768442999999,1.5707963267948966,-8.333780176382882e-07,-6.549985256052113e-08,-127.17033387943124
665,spar,0.18,0.01498902195,0.0002768442999999,1.5707963267948966,-8.095672168886135e-07,-6.493135519801466e-08,-126.93678576192791
666,spar,0.18,0.01526586625,0.0002768443,1.5707963267948966,-7.857564161389302e-07,-6.428621506906549e-08,-126.50324411107397
667,spar,0.18,0.01554271055,0.0002768442999999,1.5707963267948966,-7.619456153892555e-07,-6.356443217367409e-08,-125.86970892686975
668,spar,0.18,0.01581955485,0.0002768442999999,1.5707963267948966,-7.381348146395809e-07,-6.276600651184023e-08,-125.03618020931506
669,spar,0.18,0.01609639915,0.0002768443,1.5707963267948966,-7.143240138898975e-07,-6.189093808356358e-08,-124.00265795840954
670,spar,0.18,0.0163732434499999,0.0002768442999999,1.5707963267948966,-6.905132131402229e-07,-6.093922688884482e-08,-122.76914217415406
671,spar,0.18,0.01665008775,0.0002768442999999,1.5707963267948966,-6.667024123905482e-07,-5.991087292768357e-08,-121.33563285654802
672,spar,0.18,0.01692693205,0.0002768443,1.5707963267948966,-6.428916116408649e-07,-5.8805876200079457e-08,-119.70213000559092
673,spar,0.18,0.0172037763499999,0.0002768442999999,1.5707963267948966,-6.190808108911902e-07,-5.7624236706033305e-08,-117.86863362128406
674,spar,0.18,0.01748062065,0.0002768442999999,1.5707963267948966,-5.952700101415156e-07,-5.6365954445544666e-08,-115.83514370362667
675,spar,0.18,0.01775746495,0.0002768443,1.5707963267948966,-5.714592093918323e-07,-5.5031029418613083e-08,-113.60166025261803
676,spar,0.18,0.0180343092499999,0.0002768442999999,1.5707963267948966,-5.476484086421576e-07,-5.361946162523955e-08,-111.16818326825984
677,spar,0.18,0.01831115355,0.0002768442999999,1.5707963267948966,-5.23837607892483e-07,-5.2131251065423524e-08,-108.5347127505511
678,spar,0.18,0.01858799785,0.0002768443,1.5707963267948966,-5.000268071427996e-07,-5.056639773916447e-08,-105.70124869949086
679,spar,0.18,0.0188648421499999,0.0002768442999999,1.5707963267948966,-4.762160063931249e-07,-4.892490164646355e-08,-102.66779111508131
680,spar,0.18,0.01914168645,0.0002768442999999,1.5707963267948966,-4.524052056434502e-07,-4.720676278732013e-08,-99.43433999732125
681,spar,0.18,0.01941853075,0.0002768443,1.5707963267948966,-4.285944048937669e-07,-4.541198116173361e-08,-96.00089534620948
682,spar,0.18,0.01969537505,0.0002768442999999,1.5707963267948966,-4.047836041440922e-07,-4.3540556769705275e-08,-92.36745716174849
683,spar,0.18,0.01997221935,0.0002768442999999,1.5707963267948966,-3.809728033944175e-07,-4.159248961123447e-08,-88.53402544393705
684,spar,0.18,0.02024906365,0.0002768443,1.5707963267948966,-3.5716200264473423e-07,-3.956777968632048e-08,-84.50060019277373
685,spar,0.18,0.02052590795,0.0002768442999999,1.5707963267948966,-3.333512018950595e-07,-3.746642699496476e-08,-80.26718140826141
686,spar,0.18,0.02080275225,0.0002768442999999,1.5707963267948966,-3.095404011453848e-07,-3.528843153716657e-08,-75.83376909039862
687,spar,0.18,0.02107959655,0.0002768443,1.5707963267948966,-2.8572960039570154e-07,-3.3033793312925106e-08,-71.20036323918372
688,spar,0.18,0.02135644085,0.0002768442999999,1.5707963267948966,-2.6191879964602683e-07,-3.0702512322241995e-08,-66.36696385462005
689,spar,0.18,0.02163328515,0.0002768442999999,1.5707963267948966,-2.3810799889635213e-07,-2.829458856511642e-08,-61.333570936705925
690,spar,0.18,0.02191012945,0.0002768443,1.5707963267948966,-2.1429719814666884e-07,-2.5810022041547487e-08,-56.10018448543944
691,spar,0.18,0.02218697375,0.0002768442999999,1.5707963267948966,-1.9048639739699414e-07,-2.324881275153699e-08,-50.666804500824426
692,spar,0.18,0.02246381805,0.0002768442999999,1.5707963267948966,-1.6667559664731943e-07,-2.0610960695084027e-08,-45.033430982858945
693,spar,0.18,0.02274066235,0.0002768443,1.5707963267948966,-1.4286479589763615e-07,-1.7896465872187625e-08,-39.20006393154092
694,spar,0.18,0.0230175066,0.0002768441999999,1.5707963267948966,-1.1905400374875287e-07,-1.510532930488955e-08,-33.166705562328254
695,spar,0.18,0.02329435085,0.0002768443,1.5707963267948966,-9.524320299906957e-08,-1.2237548976792596e-08,-26.933351516549614
696,spar,0.18,0.02357119515,0.0002768442999999,1.5707963267948966,-7.143240224939488e-08,-9.293125882254216e-09,-20.50000393742278
697,spar,0.18,0.02384803945,0.0002768442999999,1.5707963267948966,-4.7621601499720186e-08,-6.272060021273374e-09,-13.866662824945493
698,spar,0.18,0.02412488375,0.0002768443,1.5707963267948966,-2.381080075003689e-08,-3.174351393848951e-09,-7.0333281791152915
699,spar,0.18,0.02440172805,0.0002768442999999,1.5707963267948966,-3.621959204573691e-19,1.6816581853203053e-20,6.289439556400043e-11
