,panel,xm,ym,ds,Qy,Qx,qs
1,upper,0.17983513699999998,0.02457281895,0.00033613678,2.885500540396865e-08,3.91172083558258e-09,8.692652648564003
2,upper,0.179369272,0.024664820900000002,0.0006135885650000001,8.124146799109249e-08,1.1108679607381142e-08,24.72264748448211
3,upper,0.17876721299999998,0.024783185,0.0006135799549999999,1.3325778414655194e-07,1.8378163229136666e-08,40.96132059546429
4,upper,0.178165044,0.02490094405,0.0006135714599999999,1.8490390642484478e-07,2.5719799797299676e-08,57.40770401772988
5,upper,0.177562765,0.02501809705,0.0006135630900000002,2.3617978801123056e-07,3.3133216971629865e-08,74.06082861487575
6,upper,0.17696037650000002,0.0251346428,0.0006135548299999998,2.8708538093012935e-07,4.061804155178469e-08,90.91972306706268
7,upper,0.176357879,0.02525058015,0.0006135466799999999,3.3762063731665984e-07,4.8173899685350686e-08,107.98341434711057
8,upper,0.175755273,0.025365908,0.0006135386400000003,3.8778550941655097e-07,5.580041689815661e-08,125.25092779960282
9,upper,0.1751525585,0.0254806251,0.0006135307299999998,4.37579950902498e-07,6.349721825277904e-08,142.7212874853952
10,upper,0.174549736,0.02559473035,0.0006135229299999998,4.870039139103208e-07,7.126392794296805e-08,160.39351527888158
11,upper,0.173946806,0.02570822255,0.0006135152200000002,5.360573490870983e-07,7.910016922277367e-08,178.26663068052764
12,upper,0.173343768,0.025821100450000002,0.0006135076500000001,5.84740210580435e-07,8.700556526846261e-08,196.33965280407605
13,upper,0.1727406225,0.02593336295,0.0006135001799999996,6.330524494439208e-07,9.497973812289753e-08,214.61159796815127
14,upper,0.1721373705,0.026045008699999997,0.0006134928099999996,6.809940171661039e-07,1.0302230904819566e-07,233.08148043124888
15,upper,0.171534012,0.0261560365,0.0006134855599999999,7.285648666077503e-07,1.1113289888183181e-07,251.74831327176003
16,upper,0.170930547,0.026266445149999998,0.0006134784200000007,7.757649496453483e-07,1.1931112764520788e-07,270.61110749026295
17,upper,0.17032697600000002,0.0263762333,0.000613471400000001,8.225942190286088e-07,1.275566147156435e-07,289.6688723608133
18,upper,0.1697232995,0.02648539975,0.0006134644999999991,8.690526275989215e-07,1.3586897878689237e-07,308.92061536894033
19,upper,0.1691195175,0.02659394315,0.0006134576000000006,9.151401189672455e-07,1.4424783613769981e-07,328.3653381829245
20,upper,0.1685156305,0.026701862200000002,0.0006134508999999996,9.60856651958157e-07,1.526928050154888e-07,348.00204680955284
21,upper,0.167911639,0.02680915565,0.0006134443999999996,1.0062021853427326e-06,1.6120350297817767e-07,367.8297454592099
22,upper,0.1673075425,0.02691582215,0.0006134377999999999,1.0511766552303372e-06,1.6977954263803094e-07,387.8474266265523
23,upper,0.16670334199999998,0.0270218603,0.0006134313999999995,1.09578002034045e-06,1.7842053995482234e-07,408.054090354435
24,upper,0.16609903799999998,0.027127268750000003,0.0006134252000000017,1.1400122393387396e-06,1.8712611013588887e-07,428.4487347251108
25,upper,0.165494631,0.0272320462,0.0006134188999999991,1.1838732493861645e-06,1.9589586337712504e-07,449.0303458726989
26,upper,0.164890121,0.02733619125,0.0006134128999999988,1.2273630161861643e-06,2.0472941475640513e-07,469.79792117219444
27,upper,0.1642855075,0.02743970245,0.000613406900000002,1.2704814835052452e-06,2.1362637421602508e-07,490.7504457492246
28,upper,0.16368079200000002,0.0275425784,0.0006134011000000009,1.3132286099696176e-06,2.2258635377233834e-07,511.8869093614818
29,upper,0.1630759745,0.02764481775,0.0006133951999999984,1.355604333119272e-06,2.316089602736071e-07,533.206289387794
30,upper,0.162471055,0.027746419,0.0006133896,1.3976086180690358e-06,2.406938055529615e-07,554.7075747671383
31,upper,0.1618660345,0.0278473807,0.0006133840000000015,1.4392414096422239e-06,2.4984049618273033e-07,576.3897417759914
32,upper,0.161260913,0.0279477014,0.0006133785999999988,1.4805026661176116e-06,2.5904864085902235e-07,598.2517715263546
33,upper,0.1606556905,0.0280473796,0.0006133731999999996,1.5213923320798181e-06,2.683178444060931e-07,620.292635745768
34,upper,0.1600503675,0.02814641385,0.0006133679000000017,1.5619103590276105e-06,2.776477122903115e-07,642.5113074743742
35,upper,0.159444945,0.0282448026,0.0006133627999999995,1.6020567054384046e-06,2.8703785059821076e-07,664.9067610042559
36,upper,0.158839423,0.02834254435,0.0006133576999999973,1.6418313164584185e-06,2.964878614837937e-07,687.4779610656501
37,upper,0.1582338015,0.02843963755,0.0006133527,1.6812341436595644e-06,3.059973477106766e-07,710.223873642229
38,upper,0.157628081,0.02853608065,0.0006133479000000018,1.7202651451038335e-06,3.155659126906978e-07,733.1434660684679
39,upper,0.157022262,0.0286318721,0.000613343199999998,1.7589242724948637e-06,3.2519315738260646e-07,756.2356996114597
40,upper,0.156416345,0.0287270103,0.0006133384000000033,1.797211465177756e-06,3.3487867864344e-07,779.499525483927
41,upper,0.15581033,0.0288214937,0.0006133338999999988,1.8351266874080917e-06,3.446220787148194e-07,802.9339076416294
42,upper,0.1552042175,0.02891532065,0.0006133294000000011,1.8726698848403902e-06,3.5442295412630954e-07,826.5377961115737
43,upper,0.154598008,0.029008489499999998,0.0006133250999999992,1.909841015558332e-06,3.64280903618943e-07,850.3101460389801
44,upper,0.153991702,0.02910099865,0.0006133208000000008,1.946640025589862e-06,3.7419552178373593e-07,874.2499023727557
45,upper,0.1533853,0.02919284645,0.0006133165999999968,1.9830668672101475e-06,3.8416640383397393e-07,898.3560113576372
46,upper,0.152778802,0.0292840312,0.000613312500000001,2.0191214925136475e-06,3.9419314397619894e-07,922.627416620825
47,upper,0.15217220850000002,0.02937455125,0.000613308600000001,2.0548038595387167e-06,4.042753370844067e-07,947.0630632191767
48,upper,0.15156551950000002,0.02946440485,0.000613304700000001,2.0901139144461856e-06,4.1441257371562355e-07,971.661885568231
49,upper,0.150958736,0.0295535903,0.0006133008999999988,2.125051609707967e-06,4.246044450538678e-07,996.4228193883267
50,upper,0.1503518585,0.0296421059,0.0006132972000000014,2.1596168979216653e-06,4.348505412749253e-07,1021.3447977622975
51,upper,0.1497448865,0.029729949800000002,0.0006132936999999998,2.1938097367724972e-06,4.4515045313342054e-07,1046.4267550163493
52,upper,0.149137821,0.0298171203,0.0006132900999999968,2.2276300676520603e-06,4.555037653366665e-07,1071.6676105519853
53,upper,0.148530663,0.02990361565,0.0006132868000000014,2.2610778545637967e-06,4.6591006828708096e-07,1097.0662974446905
54,upper,0.14792341199999998,0.02998943405,0.0006132834999999989,2.2941530444795836e-06,4.763689462515291e-07,1122.6217336537268
55,upper,0.1473160685,0.03007457365,0.0006132803000000048,2.3268555900112572e-06,4.868799840829142e-07,1148.33283837152
56,upper,0.14670863350000002,0.03015903255,0.0006132771999999981,2.3591854442026153e-06,4.974427655009711e-07,1174.1985278109016
57,upper,0.146101107,0.030242809000000002,0.0006132741999999997,2.3911425599160765e-06,5.080568731838729e-07,1200.2177154763488
58,upper,0.14549348950000002,0.0303259011,0.0006132712999999956,2.4227268901392607e-06,5.187218886758522e-07,1226.3893119068332
59,upper,0.1448857815,0.03040830695,0.0006132685000000068,2.453938387984929e-06,5.294373923868134e-07,1252.7122246748136
60,upper,0.1442779835,0.0304900247,0.0006132657999999985,2.484777006690921e-06,5.402029636226047e-07,1279.185358465231
61,upper,0.1436700955,0.0305710524,0.0006132631999999985,2.5152426993134687e-06,5.510181805233003e-07,1305.8076149305614
62,upper,0.14306211800000002,0.0306513881,0.0006132606999999998,2.5453354190337685e-06,5.61882620062807e-07,1332.5778926736923
63,upper,0.142454052,0.03073102985,0.0006132583000000025,2.575055119464553e-06,5.727958580484683e-07,1359.4950872308018
64,upper,0.141845898,0.0308099757,0.0006132560999999939,2.6044017591287818e-06,5.83757470908112e-07,1386.5580954994207
65,upper,0.1412376555,0.03088822365,0.0006132538000000048,2.633375281704806e-06,5.947670285092104e-07,1413.7657980375657
66,upper,0.1406293255,0.03096577165,0.0006132516999999976,2.6619756456584815e-06,6.058241048524837e-07,1441.1170854124107
67,upper,0.140020909,0.0310426177,0.0006132496999999987,2.6902028051015855e-06,6.169282709523824e-07,1468.6108406272424
68,upper,0.1394124055,0.0311187598,0.0006132478000000011,2.7180567136572665e-06,6.280790966241269e-07,1496.2459435816968
69,upper,0.138803816,0.031194195850000002,0.0006132460999999992,2.7455373298610353e-06,6.392761522478425e-07,1524.0212753916219
70,upper,0.138195141,0.031268923750000004,0.0006132443000000029,2.7726445989293948e-06,6.505190014646857e-07,1551.9357002871882
71,upper,0.13758638099999998,0.031342941400000005,0.0006132427999999968,2.7993784840062495e-06,6.618072139723736e-07,1579.9880973616416
72,upper,0.1369775365,0.0314162467,0.0006132413000000045,2.82573893509899e-06,6.731403527064133e-07,1608.1773287523263
73,upper,0.13636860750000002,0.031488837500000005,0.0006132398999999997,2.8517259064530384e-06,6.845179811423825e-07,1636.5022577833918
74,upper,0.13575959450000002,0.0315607116,0.0006132385999999962,2.877339352438112e-06,6.959396614315122e-07,1664.96174431668
75,upper,0.1351504985,0.031631866849999996,0.0006132375000000023,2.902579231970631e-06,7.074049563005641e-07,1693.5546494771672
76,upper,0.13454132000000002,0.0317023011,0.0006132364000000015,2.927445495798603e-06,7.189134234495521e-07,1722.279821701694
77,upper,0.1339320595,0.03177201205,0.0006132353999999951,2.9519380989709234e-06,7.304646210540766e-07,1751.1361104423409
78,upper,0.13332271750000002,0.03184099745,0.0006132346999999996,2.9760570045266974e-06,7.420581097141371e-07,1780.122371058045
79,upper,0.132713294,0.0319092551,0.0006132339000000028,2.999802159468313e-06,7.536934411547381e-07,1809.2374365909288
80,upper,0.1321037895,0.0319767827,0.0006132332000000004,3.0231735189101365e-06,7.653701694799677e-07,1838.4801458653315
81,upper,0.13149420499999998,0.03204357795,0.000613232800000002,3.0461710458975085e-06,7.770878512268805e-07,1867.8493436379135
82,upper,0.1308845415,0.032109638450000005,0.0006132323999999967,3.068794692472737e-06,7.888460357695343e-07,1897.3438565516171
83,upper,0.1302747985,0.0321749619,0.0006132319999999983,3.091044410371609e-06,8.006442710724351e-07,1926.9625075873564
84,upper,0.12966497700000001,0.032239545950000004,0.0006132320000000052,3.1129201662123935e-06,8.124821113814856e-07,1956.7041353356485
85,upper,0.1290550775,0.032303388200000005,0.0006132317999999956,3.134421905150396e-06,8.243590979276162e-07,1986.5675455520789
86,upper,0.12844510050000002,0.0323664862,0.0006132319000000039,3.155549590240031e-06,8.362747801169591e-07,2016.551564385225
87,upper,0.127835047,0.0324288375,0.000613232200000001,3.1763031812156465e-06,8.482287039604606e-07,2046.6550092984644
88,upper,0.1272249165,0.0324904397,0.0006132323999999967,3.196682627169025e-06,8.602204081675748e-07,2076.8766792611405
89,upper,0.1266147105,0.032551290299999994,0.000613232800000002,3.2166878880815775e-06,8.722494357804727e-07,2107.2153839768653
90,upper,0.12600442950000001,0.03261138675,0.0006132333999999962,3.2363189238751167e-06,8.843153283131881e-07,2137.6699291648197
91,upper,0.12539407349999998,0.03267072655,0.0006132341000000055,3.2555756909649542e-06,8.964176238078506e-07,2168.2391116685803
92,upper,0.12478364349999999,0.03272930715,0.0006132348999999954,3.274458146196371e-06,9.08555858759053e-07,2198.921724270971
93,upper,0.12417314,0.0327871259,0.0006132358000000004,3.292966246537961e-06,9.207295680520663e-07,2229.7165555489396
94,upper,0.123562564,0.032844180249999994,0.0006132367999999999,3.311099949388204e-06,9.329382850236955e-07,2260.6223900162604
95,upper,0.1229519155,0.0329004676,0.0006132380000000021,3.328859214858173e-06,9.451815434276443e-07,2291.6380131321826
96,upper,0.122341195,0.03295598525,0.0006132393999999999,3.34624400299891e-06,9.574588753928811e-07,2322.762206119481
97,upper,0.12172604249999999,0.03301091095,0.0006219603000000018,3.363493420415996e-06,9.699449653511574e-07,2354.438243418186
98,upper,0.12110352599999999,0.03306514995,0.0006277907999999999,3.3805137305115847e-06,9.825821555632639e-07,2386.5205920187555
99,upper,0.120477975,0.033118253449999996,0.0006278125999999995,3.3971419028367358e-06,9.952531236474893e-07,2418.7116659633557
100,upper,0.119852291,0.033170045100000004,0.0006278351999999959,3.413377847303611e-06,1.0079570644822006e-06,2451.0093690766275
101,upper,0.1192264765,0.033220522,0.000627858600000003,3.42922147388336e-06,1.0206931711603318e-06,2483.411600521161
102,upper,0.1186005335,0.033269681149999994,0.0006278828,3.444672692291782e-06,1.033460634920017e-06,2515.916254632991
103,upper,0.1179744635,0.033317519500000004,0.0006279077999999938,3.4597314116749453e-06,1.046258645106585e-06,2548.5212208389253
104,upper,0.11734826849999999,0.033364034050000005,0.0006279336999999996,3.4743975432583105e-06,1.0590863912401665e-06,2581.2243889127503
105,upper,0.11672194999999999,0.0334092218,0.0006279603000000078,3.488670992962869e-06,1.0719430568850022e-06,2614.023633365254
106,upper,0.1160955095,0.033453079649999995,0.0006279877999999933,3.5025516707471508e-06,1.0848278277510963e-06,2646.9168340944893
107,upper,0.1154689495,0.033495604449999994,0.000628016000000009,3.516039482142903e-06,1.0977398834668878e-06,2679.901855361498
108,upper,0.11484227150000001,0.033536793100000004,0.0006280449999999937,3.5291343343830703e-06,1.1106784037505272e-06,2712.976561572116
109,upper,0.1142154775,0.033576642500000003,0.0006280748999999974,3.541836136464794e-06,1.1236425684198534e-06,2746.1388172997013
110,upper,0.1135885695,0.03361514945,0.0006281055999999979,3.554144794979029e-06,1.1366315532022673e-06,2779.3864765702283
111,upper,0.11296154850000001,0.0336523107,0.0006281370000000008,3.5660602137328436e-06,1.1496445296808233e-06,2812.7173827414467
112,upper,0.112334417,0.03368812305,0.0006281693000000088,3.577582300444805e-06,1.162680671530227e-06,2846.129384423785
113,upper,0.1117071775,0.0337225833,0.0006282022999999914,3.588710959157006e-06,1.1757391462235093e-06,2879.62031423786
114,upper,0.1110798315,0.0337556881,0.0006282362000000069,3.5994460969435487e-06,1.1888191232316527e-06,2913.1880098586294
115,upper,0.110452381,0.033787434150000004,0.0006282709000000053,3.609787618784381e-06,1.201919767818687e-06,2946.830298093258
116,upper,0.109824828,0.03381781815,0.0006283063999999866,3.619735429399304e-06,1.215040243109976e-06,2980.545000181872
117,upper,0.10919717400000001,0.03384683665,0.0006283427000000064,3.6292894329335907e-06,1.2281797099909652e-06,3014.3299315498643
118,upper,0.1085694215,0.0338744863,0.0006283797999999952,3.6384495335860945e-06,1.2413373271629677e-06,3048.182901920483
119,upper,0.107941573,0.0339007637,0.0006284177000000085,3.647215635609144e-06,1.2545122511046845e-06,3082.1017152144286
120,upper,0.10731363,0.03392566535,0.0006284563999999909,3.65558764268e-06,1.267703636002258e-06,3116.084169400333
121,upper,0.1066855945,0.0339491878,0.0006284959000000118,3.6635654582148815e-06,1.2809106337735613e-06,3150.128056541649
122,upper,0.10605746899999999,0.0339713275,0.000628536299999996,3.671148986889639e-06,1.2941323961017604e-06,3184.231168023261
123,upper,0.1054292555,0.0339920809,0.0006285773999999966,3.678338130642999e-06,1.30736806811945e-06,3218.391278280506
124,upper,0.104800956,0.03401144445,0.0006286194000000023,3.6851327935025992e-06,1.3206167968154605e-06,3252.606166482779
125,upper,0.1041725725,0.03402941445,0.0006286620999999964,3.6915328770100626e-06,1.3338777225109548e-06,3286.873594531194
126,upper,0.103544107,0.0340459873,0.000628705800000004,3.6975382854996614e-06,1.3471499894561172e-06,3321.1913344327577
127,upper,0.1029155625,0.034061159349999995,0.0006287500999999918,3.7031489197263835e-06,1.3604327310224925e-06,3355.5571299953717
128,upper,0.10228694099999999,0.03407492685,0.0006287954000000068,3.708364683878869e-06,1.373725086520547e-06,3389.9687403438643
129,upper,0.1016582445,0.034087286,0.0006288413999999964,3.7131854792072654e-06,1.3870261863760455e-06,3424.4239015733533
130,upper,0.1010294755,0.034098233049999996,0.0006288883000000051,3.717611208610805e-06,1.4003351627205648e-06,3458.920354143581
131,upper,0.100400636,0.0341077642,0.0006289359999999966,3.721641773897861e-06,1.413651143009376e-06,3493.455826369081
132,upper,0.09977172835,0.03411587555,0.0006289846000000071,3.7252770774135807e-06,1.4269732541830047e-06,3528.0280451930234
133,upper,0.09914275495,0.0341225632,0.0006290337999999979,3.728517019759606e-06,1.4403006141875269e-06,3562.6347141797587
134,upper,0.09851371835,0.03412782315,0.0006290840999999964,3.7313615042607003e-06,1.4536323488507306e-06,3597.2735573174277
135,upper,0.09788462079999999,0.0341316515,0.0006291350999999973,3.7338104320148115e-06,1.4669675728702452e-06,3631.9422696677516
136,upper,0.09725546474999999,0.034134044200000005,0.0006291869000000089,3.7358637046573024e-06,1.4803054003043495e-06,3666.6385445959036
137,upper,0.0966262526,0.03413499715,0.0006292396999999922,3.7375212243414776e-06,1.493644946653975e-06,3701.360079204363
138,upper,0.0959969868,0.0341345063,0.0006292930999999974,3.7387828920639297e-06,1.5069853161666286e-06,3736.1045412913622
139,upper,0.09536766985,0.0341325675,0.0006293476000000103,3.7396486099411355e-06,1.5203256208443638e-06,3770.869618831255
140,upper,0.09473830420000001,0.0341291765,0.0006294027999999979,3.7401182792480154e-06,1.533664961293674e-06,3805.6529701067134
141,upper,0.0941088924,0.03412432905,0.0006294588999999906,3.7401918015582366e-06,1.547002439436008e-06,3840.452256816003
142,upper,0.09347943705,0.034118020900000004,0.0006295159000000022,3.7398690783750296e-06,1.5603371542591633e-06,3875.265133005946
143,upper,0.0928499407,0.03411024775,0.0006295736999999968,3.739150011214276e-06,1.5736681996594863e-06,3910.0892394369425
144,upper,0.09222040595,0.0341010052,0.0006296324000000103,3.738034501533833e-06,1.586994668606803e-06,3944.922214454752
145,upper,0.09159083544999999,0.03409028875,0.0006296918999999929,3.73652245099386e-06,1.6003156488381319e-06,3979.7616827398956
146,upper,0.09096123184999999,0.034078094,0.0006297523000000083,3.7346137611029234e-06,1.6136302271450291e-06,4014.6052665137427
147,upper,0.0903315978,0.034064416449999996,0.0006298136999999954,3.7323083329666204e-06,1.6269374892969835e-06,4049.4505853518044
148,upper,0.08970193605,0.03404925145,0.0006298757999999988,3.729606068815241e-06,1.6402365114862795e-06,4084.2952337795605
149,upper,0.0890722494,0.03403259435,0.000629938999999996,3.7265068693475178e-06,1.6535263751058541e-06,4119.136819973599
150,upper,0.08844254055,0.0340144405,0.0006300029000000096,3.7230106371003244e-06,1.6668061498496948e-06,4153.972921486487
151,upper,0.08781281225000001,0.03399478515,0.0006300678999999892,3.7191172725448655e-06,1.6800749105176194e-06,4188.801129302508
152,upper,0.08718306740000001,0.033973623450000004,0.000630133600000013,3.714826678621446e-06,1.6933317200804046e-06,4223.619003409342
153,upper,0.0865533089,0.0339509506,0.0006302002999999945,3.710138756540592e-06,1.7065756444471507e-06,4258.424111552799
154,upper,0.0859235396,0.0339267617,0.0006302680000000033,3.7050534074170845e-06,1.7198057460682464e-06,4293.214012458477
155,upper,0.08529376235,0.033901051700000004,0.0006303365999999894,3.6995705331404976e-06,1.7330210817338504e-06,4327.986250041347
156,upper,0.08466398015000001,0.033873815599999996,0.000630406,3.6936900367223986e-06,1.746220702605804e-06,4362.738353470822
157,upper,0.08403419605000001,0.0338450483,0.0006304765000000045,3.6874118185974313e-06,1.7594036625202739e-06,4397.467859030031
158,upper,0.083404413,0.03381474455,0.0006305479000000003,3.680735781099203e-06,1.7725690074084258e-06,4432.172282274918
159,upper,0.082774634,0.033782899150000004,0.0006306202999999955,3.673661825631246e-06,1.7857157815960095e-06,4466.849134621032
160,upper,0.0821448622,0.03374950685,0.0006306936000000096,3.666189854880044e-06,1.7988430235858528e-06,4501.495912222107
161,upper,0.0815151007,0.033714562249999996,0.0006307678999999955,3.6583197705409607e-06,1.8119497701222174e-06,4536.110106695053
162,upper,0.08088535259999999,0.03367805985,0.0006308431000000003,3.650051475688659e-06,1.825035051954634e-06,4570.689193941576
163,upper,0.08025562115,0.033639994150000005,0.000630920000000007,3.6413848627618167e-06,1.838097912476152e-06,4605.230683414012
164,upper,0.0796259096,0.03360035955,0.0006309959999999948,3.6323198603941384e-06,1.8511373372628836e-06,4639.7319317957545
165,upper,0.07899622115,0.0335591503,0.0006310759999999943,3.6228563274637558e-06,1.8641524090673263e-06,4674.190553006359
166,upper,0.07836655905,0.03351636075,0.0006311540000000088,3.6129942111025395e-06,1.877142082718512e-06,4708.603822525996
167,upper,0.07773692665,0.033471984999999996,0.0006312349999999939,3.6027333830653023e-06,1.8901054118904368e-06,4742.969277720122
168,upper,0.0771073274,0.0334260171,0.0006313160000000068,3.5920737622797206e-06,1.9030413842444605e-06,4777.284281222927
169,upper,0.07647776465,0.0333784511,0.0006313989999999908,3.581015234768056e-06,1.915949024184079e-06,4811.546293271754
170,upper,0.0758482418,0.033329280899999994,0.0006314830000000021,3.5695577030751755e-06,1.9288273311836636e-06,4845.75270818594
171,upper,0.07521876245,0.033278500249999995,0.0006315669999999995,3.5577010889144046e-06,1.9416752798755455e-06,4879.900854455184
172,upper,0.07458933005,0.03322610285,0.0006316529999999959,3.5454452773837074e-06,1.9544918810879667e-06,4913.988156941739
173,upper,0.0739599482,0.03317208235000001,0.0006317400000000056,3.5327901721229754e-06,1.967276120669556e-06,4948.011974352117
174,upper,0.07333062055,0.03311643225,0.0006318280000000009,3.5197356772033206e-06,1.9800269797763686e-06,4981.969653125273
175,upper,0.07270135065,0.033059146,0.0006319169999999957,3.506281697065487e-06,1.9927434348282405e-06,5015.858527321953
176,upper,0.0720721423,0.033000216900000004,0.0006320070000000039,3.4924281366794528e-06,2.005424457401849e-06,5049.675918337262
177,upper,0.07144299925,0.03293963815,0.0006320999999999966,3.478174856416378e-06,2.0180690541634638e-06,5083.419241471089
178,upper,0.07081392524999999,0.0328774028,0.0006321920000000036,3.463521806086746e-06,2.0306761466126415e-06,5117.085685092243
179,upper,0.07018492415,0.03281350385,0.0006322859999999958,3.448468868420113e-06,2.0432447111863623e-06,5150.672584445892
180,upper,0.0695559999,0.0327479342,0.0006323810000000013,3.4330159493265847e-06,2.0557736991667624e-06,5184.177207920714
181,upper,0.06892715645,0.032680686550000004,0.0006324780000000058,3.4171629302847476e-06,2.0682620762911937e-06,5217.59686290767
182,upper,0.06829839775,0.0326117535,0.0006325749999999963,3.400909742909704e-06,2.080708763371706e-06,5250.928736936703
183,upper,0.06766972785,0.03254112755,0.0006326749999999992,3.3842562424364526e-06,2.093112734801652e-06,5284.170161363564
184,upper,0.06704115085,0.032468801049999996,0.0006327750000000021,3.3672023619158113e-06,2.1054729003903157e-06,5317.318294931943
185,upper,0.06641267095,0.032394766199999994,0.0006328770000000039,3.3497479819257043e-06,2.1177882034188633e-06,5350.37038648235
186,upper,0.06578429235,0.0323190151,0.0006329799999999913,3.3318930101692076e-06,2.130057561817461e-06,5383.323617279888
187,upper,0.0651560193,0.03224153965,0.0006330850000000054,3.3136373263500978e-06,2.1422799069367316e-06,5416.175205079098
188,upper,0.06452785620000001,0.03216233165,0.0006331910000000052,3.294980838686042e-06,2.1544541447002967e-06,5448.922299787895
189,upper,0.06389980740000001,0.03208138275,0.0006332979999999905,3.2759234563000273e-06,2.1665791749551662e-06,5481.562035410208
190,upper,0.0632718773,0.03199868435,0.000633408000000002,3.2564650278141456e-06,2.178653929425691e-06,5514.091632307369
191,upper,0.06264407050000001,0.031914227749999996,0.0006335179999999996,3.2366054931965447e-06,2.190677276066875e-06,5546.508139644358
192,upper,0.0620163916,0.0318280041,0.0006336299999999961,3.2163447314193526e-06,2.2026481144308583e-06,5578.8086922383745
193,upper,0.0613888452,0.03174000435,0.0006337440000000055,3.1956826206468213e-06,2.2145653372233248e-06,5610.9904070837165
194,upper,0.06076143605,0.031650219300000004,0.0006338590000000005,3.174619071564728e-06,2.2264278114683336e-06,5643.050332453255
195,upper,0.06013416895,0.0315586395,0.0006339759999999944,3.1531539622091335e-06,2.2382344159367054e-06,5674.9855489860365
196,upper,0.05950704875,0.031465255299999995,0.0006340950000000012,3.131287169977715e-06,2.249984022100809e-06,5706.79311830986
197,upper,0.05888008045,0.03137005695,0.0006342160000000069,3.109018571728952e-06,2.2616754940449306e-06,5738.470082802179
198,upper,0.058253268999999996,0.03127303435,0.0006343379999999982,3.086348079493454e-06,2.2733076698793008e-06,5770.013415216811
199,upper,0.057626619500000004,0.0311741773,0.0006344620000000023,3.0632755703490827e-06,2.284879398522553e-06,5801.420118346065
200,upper,0.057000137199999995,0.03107347535,0.000634586999999992,3.0398009579975893e-06,2.2963895028483734e-06,5832.687125097415
201,upper,0.05637382735,0.0309709177,0.0006347160000000074,3.015924044801432e-06,2.3078368519877667e-06,5863.81149492788
202,upper,0.0557476953,0.0308664935,0.0006348459999999945,2.9916447438037158e-06,2.3192202524418877e-06,5894.790118056618
203,upper,0.05512174645,0.03076019155,0.0006349780000000083,2.9669629307970234e-06,2.330538520383584e-06,5925.619911895741
204,upper,0.0544959864,0.03065200035,0.0006351119999999932,2.9418784814474205e-06,2.341790463300513e-06,5956.297771200654
205,upper,0.0538704208,0.030541908200000002,0.0006352480000000049,2.9163912713314587e-06,2.3529748798393065e-06,5986.820567661464
206,upper,0.0532450553,0.0304299031,0.0006353859999999878,2.890501175941565e-06,2.364090559585823e-06,6017.1851493292925
207,upper,0.0526198958,0.03031597275,0.0006355269999999968,2.864208029478222e-06,2.375136300225402e-06,6047.388387557787
208,upper,0.051994948299999996,0.030200104550000002,0.0006356710000000043,2.837511664416641e-06,2.3861108895941753e-06,6077.427128090392
209,upper,0.05137021875,0.0300822856,0.0006358160000000113,2.8104119967259506e-06,2.397013071152745e-06,6107.298096493095
210,upper,0.05074571335,0.02996250265,0.0006359629999999894,2.782908901292487e-06,2.407841595760157e-06,6136.998039794122
211,upper,0.050121438399999996,0.029840742150000002,0.0006361150000000204,2.755002121749952e-06,2.4185952547869545e-06,6166.523817623271
212,upper,0.0494974003,0.029716990149999997,0.0006362679999999954,2.7266915745239125e-06,2.4292727608736747e-06,6195.87207509992
213,upper,0.0488736056,0.0295912323,0.0006364229999999971,2.6979771333266115e-06,2.4398728328985476e-06,6225.039475862401
214,upper,0.0482500609,0.02946345395,0.0006365829999999961,2.6688585352160464e-06,2.4503942283104106e-06,6254.022791369544
215,upper,0.047626773,0.02933364,0.0006367449999999941,2.6393356514428815e-06,2.4608356428623606e-06,6282.818625045598
216,upper,0.0470037489,0.029201774950000002,0.0006369089999999911,2.609408354101222e-06,2.47119576066722e-06,6311.423549896116
217,upper,0.04638099565,0.0290678429,0.0006370770000000137,2.5790764209460066e-06,2.4814732861726136e-06,6339.834196940943
218,upper,0.04575852045,0.02893182735,0.0006372490000000064,2.5483396269838383e-06,2.491666910662604e-06,6368.047162994866
219,upper,0.0451363308,0.028793711450000002,0.0006374229999999981,2.5171978423872967e-06,2.501775280257007e-06,6396.058922024415
220,upper,0.044514434150000004,0.0286534779,0.0006376019999999871,2.485650790062026e-06,2.5117970752739426e-06,6423.866044964512
221,upper,0.043892838200000006,0.028511108700000003,0.0006377830000000029,2.4536983389512663e-06,2.521730914583965e-06,6451.464934741319
222,upper,0.04327155095,0.0283665854,0.000637969000000016,2.421340207374076e-06,2.5315754495664476e-06,6478.852087017043
223,upper,0.04265058045,0.028219889050000002,0.0006381579999999998,2.388576212322667e-06,2.5413292855690773e-06,6506.023872158011
224,upper,0.042029935000000004,0.02807100005,0.0006383529999999804,2.355406014791953e-06,2.5509910582819046e-06,6532.976747895443
225,upper,0.04140962305,0.0279198981,0.0006385500000000155,2.3218294805210296e-06,2.56055932653216e-06,6559.706960645155
226,upper,0.04078965325,0.02776656225,0.0006387529999999919,2.287846264439657e-06,2.5700326928749443e-06,6586.210881993591
227,upper,0.0401700346,0.0276109709,0.0006389589999999945,2.253456177743329e-06,2.5794096979169675e-06,6612.484713674651
228,upper,0.03955077625,0.0274531018,0.0006391719999999934,2.218658814351114e-06,2.588688923319517e-06,6638.524775956585
229,upper,0.0389318875,0.02729293185,0.000639389000000018,2.1834539265348406e-06,2.597868888130987e-06,6664.327217411572
230,upper,0.038313378,0.027130437049999998,0.0006396109999999844,2.1478412098738097e-06,2.606948106824144e-06,6689.888177648013
231,upper,0.0376952577,0.0269655927,0.0006398380000000037,2.111820357288642e-06,2.6159250740819868e-06,6715.2037447739485
232,upper,0.03707753675,0.0267983732,0.0006400720000000193,2.075390945360807e-06,2.6247982918546974e-06,6740.2700319676
233,upper,0.0364602256,0.026628751899999997,0.0006403119999999762,2.0385526022031156e-06,2.63356622615593e-06,6765.083055928473
234,upper,0.03584333505,0.026456701200000002,0.0006405580000000133,2.001304952029853e-06,2.6422273205374596e-06,6789.638774948144
235,upper,0.03522687625,0.02628219255,0.0006408109999999911,1.963647556641502e-06,2.6507800087127875e-06,6813.9331249222405
236,upper,0.03461086055,0.026105196150000003,0.0006410699999999936,1.9255800318779906e-06,2.659222686591568e-06,6837.9619402634
237,upper,0.03399529975,0.025925681,0.0006413380000000191,1.887101810412635e-06,2.6675537640536063e-06,6861.721101453301
238,upper,0.033380206100000004,0.02574361495,0.0006416119999999859,1.848212498359789e-06,2.6757715850545456e-06,6885.20630784502
239,upper,0.032765592100000004,0.02555896455,0.0006418950000000034,1.8089115154902683e-06,2.6838745045750177e-06,6908.413297342267
240,upper,0.03215147075,0.0253716949,0.0006421870000000163,1.7691982737359676e-06,2.6918608480036544e-06,6931.337731042134
241,upper,0.03153785555,0.0251817696,0.0006424879999999966,1.7290721775526562e-06,2.6997289099917793e-06,6953.975190227472
242,upper,0.030924760349999997,0.0249891506,0.0006427970000000005,1.6885326872556251e-06,2.7074769411525977e-06,6976.321138334731
243,upper,0.03031219955,0.02479379825,0.0006431189999999976,1.6475789397893117e-06,2.7151032187712693e-06,6998.37112537356
244,upper,0.029700188099999997,0.0245956711,0.0006434499999999899,1.6062103155117574e-06,2.7226059365620643e-06,7020.120470504123
245,upper,0.029088741549999998,0.02439472565,0.0006437920000000041,1.5644260590064347e-06,2.7299832750479693e-06,7041.564465592146
246,upper,0.028477876,0.02419091655,0.0006441470000000116,1.522225274600976e-06,2.737233398527992e-06,7062.69836753057
247,upper,0.02786760815,0.0239841961,0.0006445149999999844,1.4796070541814242e-06,2.7443544295594336e-06,7083.5173249435875
248,upper,0.0272579555,0.02377451425,0.0006448960000000059,1.436570477778912e-06,2.7513444471463218e-06,7104.016373428703
249,upper,0.0266489362,0.023561818550000002,0.0006452919999999918,1.3931144793770029e-06,2.7582015061373285e-06,7124.190493218323
250,upper,0.0260405692,0.02334605365,0.0006457029999999975,1.3492379785418807e-06,2.7649236124897046e-06,7144.034537723182
251,upper,0.025432874299999998,0.02312716135,0.0006461320000000215,1.3049396753832068e-06,2.771508751637143e-06,7163.543318319289
252,upper,0.02482587215,0.0229050804,0.000646577999999981,1.2602183205781908e-06,2.777954843595674e-06,7182.711473025731
253,upper,0.024219584449999998,0.022679746049999998,0.0006470420000000143,1.2150725790421066e-06,2.7842597606370983e-06,7201.5335197785325
254,upper,0.023614033950000002,0.022451089799999997,0.0006475279999999806,1.1695008171641635e-06,2.7904213520432723e-06,7220.003932193741
255,upper,0.02300924445,0.0222190393,0.000648035000000019,1.1235014488481678e-06,2.796437390992498e-06,7238.11698280672
256,upper,0.022405241,0.0219835179,0.0006485659999999893,1.0770726525396347e-06,2.8023056083128494e-06,7255.8668460030285
257,upper,0.02180204995,0.02174444415,0.0006491230000000014,1.0302124371722583e-06,2.80802367709264e-06,7273.247554398867
258,upper,0.02119969915,0.0215017315,0.0006497059999999999,9.829187840826682e-07,2.8135891896043988e-06,7290.252931176377
259,upper,0.020598217949999997,0.0212552878,0.0006503210000000093,9.351892078172395e-07,2.818999702816653e-06,7306.876731897834
260,upper,0.01999763745,0.0210050148,0.0006509670000000023,8.870212610241235e-07,2.8242526711284544e-06,7323.112442478097
261,upper,0.019397990599999998,0.020750807599999997,0.0006516479999999769,8.38412165338314e-07,2.829345481145939e-06,7338.95338930742
262,upper,0.01879931235,0.020492553849999998,0.0006523690000000137,7.893587281755602e-07,2.83427544923794e-06,7354.392737240747
263,upper,0.01820163995,0.020230132999999997,0.0006531300000000018,7.398577115344036e-07,2.83903977329533e-06,7369.423344357786
264,upper,0.01760501305,0.01996341565,0.0006539379999999928,6.89905299207875e-07,2.8436355747815195e-06,7384.0378996583295
265,upper,0.01700947405,0.019692262350000003,0.000654796000000013,6.394973902142778e-07,2.84805985609737e-06,7398.228796406112
266,upper,0.0164150684,0.01941652245,0.0006557090000000043,5.88629438957963e-07,2.8523095011757672e-06,7411.988142070758
267,upper,0.01582184495,0.019136033099999998,0.0006566839999999907,5.372962897575495e-07,2.8563812723534877e-06,7425.307758851283
268,upper,0.01522985625,0.01885061745,0.0006577269999999968,4.854922420398636e-07,2.8602717850767136e-06,7438.179114249802
269,upper,0.014639158999999999,0.018560082999999998,0.0006588449999999912,4.332109602151692e-07,2.8639774936979988e-06,7450.593288740711
270,upper,0.01404981475,0.018264219800000002,0.0006600479999999964,3.8044522132095754e-07,2.867494684743109e-06,7462.540971447972
271,upper,0.013461890399999999,0.017962797750000002,0.0006613430000000087,3.2718713752689404e-07,2.870819433078697e-06,7474.012334087982
272,upper,0.0128754588,0.017655564050000003,0.0006627459999999918,2.734274146656195e-07,2.8739476167651986e-06,7484.997108649106
273,upper,0.01229059985,0.01734223985,0.0006642690000000229,2.1915564750516727e-07,2.8768748575105484e-06,7495.484416510364
274,upper,0.011707401400000001,0.0170225163,0.0006659259999999834,1.6436013396452502e-07,2.879596487949362e-06,7505.4626928113175
275,upper,0.01112596045,0.0166960498,0.0006677390000000005,1.0902718748493754e-07,2.882107533680094e-06,7514.919675675145
276,upper,0.01054638465,0.0163624562,0.0006697300000000073,5.314109524088143e-08,2.88440264896402e-06,7523.842240613604
277,upper,0.009968794175,0.0160213039,0.0006719269999999888,-3.3164258529224016e-09,2.8864760637633257e-06,7532.216290882796
278,upper,0.009393323905,0.015672105,0.0006743620000000117,-6.036661895427978e-08,2.8883215059534757e-06,7540.026574964662
279,upper,0.008820126145,0.0153143045,0.0006770759999999987,-1.1803451155336764e-07,2.8899321170768377e-06,7547.256510000365
280,upper,0.00824937425,0.014947266649999999,0.0006801220000000052,-1.763500188746896e-07,2.891300343430709e-06,7553.887955513666
281,upper,0.00768126702,0.014570257449999999,0.0006835609999999992,-2.353487313417213e-07,2.892417779361158e-06,7559.90084583446
282,upper,0.00711603448,0.01418242185,0.0006874739999999935,-2.9507376073427723e-07,2.893274985088845e-06,7565.272811639465
283,upper,0.0065539455,0.0137827537,0.0006919669999999878,-3.555780712695077e-07,2.893861235930863e-06,7569.978647931159
284,upper,0.00599531799,0.013370055499999998,0.0006971740000000226,-4.169271327988094e-07,2.8941641758118e-06,7573.989549175476
285,upper,0.005440532825,0.0129428833,0.0007032770000000022,-4.79203406274172e-07,2.894169347218564e-06,7577.27211821031
286,upper,0.004890053415,0.01249946885,0.0007105259999999891,-5.425127199207648e-07,2.8938595144338992e-06,7579.786934979332
287,upper,0.004344453925,0.01203760725,0.0007192699999999941,-6.069935751204295e-07,2.893213665537507e-06,7581.486440823653
288,upper,0.003804461385,0.011554488750000001,0.000730014000000001,-6.728318066361802e-07,2.8922054860904295e-06,7582.3117252366355
289,upper,0.0032710212,0.0110464366,0.000743518999999998,-7.402846449892872e-07,2.890800909254755e-06,7582.187396194279
290,upper,0.002745404345,0.0105084769,0.0007609870000000185,-8.097221865658304e-07,2.888953953397345e-06,7581.012895589634
291,upper,0.00222939447,0.00993358545,0.0007844309999999743,-8.817036895831214e-07,2.886599135032044e-06,7578.646706387887
292,upper,0.001725643715,0.009311252355,0.000817520000000016,-9.57133354750036e-07,2.8836362155717036e-06,7574.8747278326855
293,upper,0.0012384354699999998,0.008624396159999999,0.0008677350000000084,-1.0376189471636263e-06,2.8798952938490513e-06,7569.3380121796845
294,upper,0.000775648184,0.007841396015,0.0009533340000000001,-1.1264853505058408e-06,2.8750388827205953e-06,7561.3304455606685
295,upper,0.000355814333,0.00688736145,0.0011361949999999787,-1.2328744187373058e-06,2.8681669838549282e-06,7548.983434269364
296,upper,0.0001313772405,0.0051396428,0.002429566000000022,-1.4609152151935552e-06,2.849226361373973e-06,7511.529872681037
298,lower,0.0006839867315,0.0028589484950000002,0.00242872877,-1.6875352900758923e-06,2.8247530779695296e-06,7459.564670435586
299,lower,0.001679090715,0.00140672318,0.0011318892099999997,-1.7920233779093216e-06,2.8117037459257973e-06,7430.998323506693
300,lower,0.0024787033550000004,0.0007463772049999999,0.00094668024,-1.878657292741623e-06,2.80016451583243e-06,7405.435253160128
301,lower,0.003235267975,0.0002552609077,0.0008590977300000002,-1.9566262725253146e-06,2.789270925439446e-06,7381.102081754101
302,lower,0.003967317055,-0.0001415161863,0.0008071492599999999,-2.0292897013895394e-06,2.7787157972871884e-06,7357.373597296243
303,lower,0.004682729045,-0.00047557491150000003,0.00077251447,-2.09828247503373e-06,2.7683555246843667e-06,7333.960889669141
304,lower,0.00538578733,-0.0007639967615000001,0.0007476674299999996,-2.164530521632811e-06,2.7581128347183797e-06,7310.710925859003
305,lower,0.006079144054999999,-0.0010172916290000001,0.0007289131899999995,-2.2286114275038785e-06,2.7479424389952844e-06,7287.535848504078
306,lower,0.00676458287,-0.00124248363,0.000714216430000001,-2.290910746244067e-06,2.7378162687159745e-06,7264.382653087553
307,lower,0.007443374745,-0.0014445467450000002,0.0007023607199999997,-2.3516991642056437e-06,2.727716267659701e-06,7241.218432425061
308,lower,0.008116465085,-0.0016271577249999999,0.0006925733499999996,-2.4111743334363688e-06,2.717630538236994e-06,7218.022516020344
309,lower,0.00878458092,-0.00179312628,0.000684339400000001,-2.4694851890756707e-06,2.7075511384355326e-06,7194.78199785669
310,lower,0.009448296415,-0.0019446573200000003,0.0006773024999999992,-2.526746911830275e-06,2.6974727503632285e-06,7171.489047486977
311,lower,0.01010807499,-0.0020835191100000003,0.0006712076000000011,-2.5830505002235014e-06,2.6873918504558233e-06,7148.139247229839
312,lower,0.0107642975,-0.0022111556500000002,0.0006658678999999987,-2.638469215637112e-06,2.6773061586900975e-06,7124.730493253184
313,lower,0.0114172819,-0.0023287643650000004,0.0006611433,-2.6930629967612125e-06,2.66721427274145e-06,7101.262272664073
314,lower,0.012067297000000001,-0.00243735138,0.0006569260000000004,-2.7468815233275306e-06,2.6571154272680123e-06,7077.735196203576
315,lower,0.012714572850000001,-0.0025377717799999998,0.000653132800000001,-2.7999665356807584e-06,2.647009306351196e-06,7054.150630585974
316,lower,0.0133593083,-0.00263075961,0.0006496973999999996,-2.8523534443060157e-06,2.636895928463932e-06,7030.51048282112
317,lower,0.014001676599999999,-0.00271695061,0.0006465670000000007,-2.9040726059268136e-06,2.6267755510333662e-06,7006.817018164308
318,lower,0.0146418301,-0.002796899745,0.0006436987999999984,-2.9551502730041314e-06,2.6166486048854253e-06,6983.072738896443
319,lower,0.0152799037,-0.0028710949,0.0006410576000000015,-3.0056093182443624e-06,2.606515647862931e-06,6959.280301325677
320,lower,0.0159160176,-0.002939967715,0.0006386146999999981,-3.0554698457972664e-06,2.5963773216523158e-06,6935.442435213632
321,lower,0.0165502794,-0.0030039023050000002,0.0006363454999999997,-3.1047495934844286e-06,2.5862343356324745e-06,6911.561922744422
322,lower,0.01718278615,-0.003063242285,0.000634230000000003,-3.1534643582652145e-06,2.576087434286159e-06,6887.641535821161
323,lower,0.017813625649999998,-0.0031182965149999997,0.0006322507999999977,-3.201628253293273e-06,2.5659373896289887e-06,6863.684029803729
324,lower,0.01844287775,-0.003169343855,0.0006303933000000005,-3.249253970515951e-06,2.5557849850534514e-06,6839.692115135564
325,lower,0.01907061545,-0.003216637105,0.0006286450000000006,-3.296352980884436e-06,2.5456310059637286e-06,6815.668443415593
326,lower,0.019696905549999998,-0.003260406295,0.000626994799999999,-3.3429356751996267e-06,2.5354762381256325e-06,6791.615610485955
327,lower,0.020321809599999997,-0.0033008614849999998,0.0006254334,-3.389011529149152e-06,2.525321456595438e-06,6767.5361362059275
328,lower,0.02094538435,-0.00333819511,0.0006239526000000016,-3.4345892110609047e-06,2.5151674235013683e-06,6743.4324643191885
329,lower,0.021567682300000002,-0.003372583995,0.0006225454000000005,-3.4796766929222644e-06,2.5050148821511053e-06,6719.306952905562
330,lower,0.022188752300000003,-0.0034041910899999996,0.0006212049999999997,-3.5242812853181926e-06,2.4948645657113918e-06,6695.161898863788
331,lower,0.022808639800000002,-0.0034331669449999998,0.000619926199999999,-3.568409771103568e-06,2.4847171816153263e-06,6670.999504240411
332,lower,0.02342738725,-0.00345965102,0.0006187040000000012,-3.612068434953804e-06,2.4745734175375284e-06,6646.821893372725
333,lower,0.0240450343,-0.0034837727950000003,0.0006175338000000002,-3.6552631060590367e-06,2.4644339430891816e-06,6622.631119553013
334,lower,0.024661618099999998,-0.0035056527400000002,0.0006164118999999989,-3.697999233970812e-06,2.4542994023981712e-06,6598.4291496484
335,lower,0.0252771737,-0.003525403195,0.0006153345999999997,-3.740281899506306e-06,2.4441704206549992e-06,6574.217881754325
336,lower,0.025891734049999997,-0.00354312912,0.0006142987999999995,-3.7821158664459636e-06,2.4340476001319743e-06,6549.999137520685
337,lower,0.0265053302,-0.00355892876,0.0006133016000000012,-3.8235056042101196e-06,2.4239315221833322e-06,6525.774668561361
338,lower,0.0271179915,-0.00357289424,0.0006123406000000005,-3.8644553298100685e-06,2.413822743779156e-06,6501.546149611892
339,lower,0.0277297458,-0.0035851121,0.0006114130999999995,-3.904968995090657e-06,2.4037218067788045e-06,6477.315202058108
340,lower,0.02834061945,-0.0035956637600000002,0.0006105174999999977,-3.9450503667621665e-06,2.393629223692434e-06,6453.083360983016
341,lower,0.0289506375,-0.00360462593,0.0006096512999999998,-3.9847029728326795e-06,2.383545496127507e-06,6428.852120489644
342,lower,0.02955982385,-0.00361207101,0.0006088132000000024,-4.023930186970713e-06,2.3734710982042855e-06,6404.622894853477
343,lower,0.03016820115,-0.00361806741,0.0006080014000000022,-4.062735200744958e-06,2.363406487803969e-06,6380.397046416401
344,lower,0.030775791099999998,-0.00362267986,0.0006072142999999988,-4.101121041430112e-06,2.353352105994576e-06,6356.175885023274
345,lower,0.0313826144,-0.0036259697,0.0006064506999999969,-4.139090601734365e-06,2.343308372908461e-06,6331.960658825093
346,lower,0.0319886908,-0.0036279951099999997,0.0006057094000000013,-4.176646643461757e-06,2.333275690052198e-06,6307.752560498723
347,lower,0.03259403925,-0.00362881135,0.0006049892000000029,-4.2137918010665594e-06,2.323254442430334e-06,6283.552732975247
348,lower,0.033198677950000005,-0.00362847097,0.000604288999999994,-4.250528591240841e-06,2.313244998848174e-06,6259.362270733334
349,lower,0.033802624350000005,-0.003627023985,0.0006036077000000015,-4.286859416166067e-06,2.3032477137311622e-06,6235.182224717482
350,lower,0.034405895150000004,-0.00362451805,0.0006029447000000035,-4.322786596544042e-06,2.2932629205276692e-06,6211.013586856965
351,lower,0.0350085065,-0.00362099863,0.0006022990000000006,-4.358312349902509e-06,2.283290939890349e-06,6186.857310275672
352,lower,0.0356104739,-0.00361650913,0.0006016696999999946,-4.393438799346911e-06,2.273332079472614e-06,6162.714309220431
353,lower,0.03621181225,-0.0036110910249999998,0.0006010562000000053,-4.4281679935262705e-06,2.2633866303164873e-06,6138.585450683451
354,lower,0.03681253605,-0.0036047839950000002,0.0006004578999999968,-4.462501908414024e-06,2.253454868109709e-06,6114.471557776125
355,lower,0.037412659200000004,-0.003597626035,0.0005998740000000002,-4.4964424378857436e-06,2.243537057666369e-06,6090.373420926306
356,lower,0.03801219505,-0.00358965354,0.0005993040000000019,-4.529991412848859e-06,2.233633449070113e-06,6066.291788818464
357,lower,0.038611156650000006,-0.00358090141,0.000598747400000002,-4.563150602701745e-06,2.223744278706097e-06,6042.2273711630905
358,lower,0.0392095566,-0.0035714031549999997,0.0005982034999999983,-4.595921705920492e-06,2.21386977351851e-06,6018.1808493122535
359,lower,0.039807407,-0.0035611909549999998,0.0005976718999999991,-4.62830636836e-06,2.2040101469615655e-06,5994.1528666546965
360,lower,0.0404047197,-0.003550295735,0.000597152400000002,-4.660306195144333e-06,2.1941655965579286e-06,5970.144022868895
361,lower,0.041001506150000006,-0.00353874725,0.0005966440999999947,-4.691922714353991e-06,2.1843363162349517e-06,5946.154904207374
362,lower,0.041597777350000004,-0.003526574145,0.0005961470000000052,-4.723157426657351e-06,2.1745224822352224e-06,5922.186049336644
363,lower,0.04219354415,-0.003513804005,0.0005956604999999976,-4.754011774377635e-06,2.1647242637171373e-06,5898.237975374836
364,lower,0.04278881705,-0.003500463415,0.000595184399999997,-4.7844871636664165e-06,2.1549418168380264e-06,5874.311163616014
365,lower,0.0433836062,-0.003486578025,0.0005947181000000024,-4.814584944995834e-06,2.1451752919554037e-06,5850.406077297271
366,lower,0.0439779215,-0.00347217259,0.0005942617000000011,-4.84430644979273e-06,2.1354248227211757e-06,5826.523135063926
367,lower,0.04457177255,-0.00345727101,0.0005938143999999965,-4.873652945947111e-06,2.125690541425103e-06,5802.662748671639
368,lower,0.04516516875,-0.00344189638,0.000593376400000005,-4.90262568870152e-06,2.1159725631184735e-06,5778.825284229662
369,lower,0.04575811925,-0.003426071035,0.0005929469999999964,-4.93122587695582e-06,2.1062710008695732e-06,5755.011099715159
370,lower,0.046350633,-0.0034098165750000003,0.0005925264000000013,-4.959454697962784e-06,2.096585951506736e-06,5731.2205101169575
371,lower,0.04694271865,-0.00339315391,0.000592113800000002,-4.9873132800204435e-06,2.086917512427787e-06,5707.453828815221
372,lower,0.0475343847,-0.00337610329,0.0005917095999999969,-5.014802750240424e-06,2.0772657624184145e-06,5683.711320560859
373,lower,0.04812563945,-0.0033586843349999998,0.000591313000000003,-5.041924178714496e-06,2.0676307816573425e-06,5659.993250746659
374,lower,0.048716490900000006,-0.003340916065,0.0005909241999999953,-5.068678625892184e-06,2.0580126357875393e-06,5636.299846329291
375,lower,0.049306947000000004,-0.00332281693,0.0005905428000000032,-5.0950671153578045e-06,2.0484113860681258e-06,5612.631320890936
376,lower,0.04989701555,-0.0033044048299999997,0.0005901685999999962,-5.121090643712856e-06,2.0388270864654133e-06,5588.987867567328
377,lower,0.05048670405,-0.0032856971349999996,0.0005898017000000033,-5.146750194305322e-06,2.0292597791251043e-06,5565.369647953492
378,lower,0.0510760198,-0.003266710735,0.0005894415000000028,-5.172046707098116e-06,2.0197095060429046e-06,5541.7768209756305
379,lower,0.05166497015,-0.003247462035,0.0005890881999999972,-5.196981113941736e-06,2.0101762963943923e-06,5518.2095116809405
380,lower,0.0522535622,-0.00322796698,0.0005887414000000021,-5.221554313232648e-06,2.0006601765534913e-06,5494.667836049809
381,lower,0.052841802800000004,-0.003208241075,0.0005884010999999967,-5.245767187486444e-06,1.991161163894813e-06,5471.151885745959
382,lower,0.053429698750000004,-0.00318829941,0.000588067099999999,-5.269620595277897e-06,1.98167927029278e-06,5447.6617368240495
383,lower,0.05401725675,-0.003168156675,0.0005877393000000009,-5.293115375789869e-06,1.972214500758996e-06,5424.197446412798
384,lower,0.05460448335,-0.003147827175,0.0005874174999999995,-5.316252345219196e-06,1.9627668552956507e-06,5400.759057362617
385,lower,0.055191384950000005,-0.003127324845,0.0005871016000000007,-5.339032301235179e-06,1.9533363275155836e-06,5377.346594878827
386,lower,0.0557779678,-0.003106663265,0.0005867916000000042,-5.361456027143513e-06,1.943922903262105e-06,5353.960063138755
387,lower,0.05636423805,-0.00308585567,0.0005864871999999993,-5.383524280675683e-06,1.9345265656403865e-06,5330.599457832292
388,lower,0.0569502018,-0.003064914975,0.0005861883999999998,-5.405237805852619e-06,1.9251472904012033e-06,5307.264754738874
389,lower,0.05753586495,-0.00304385378,0.0005858950999999973,-5.426597329473911e-06,1.915785047743482e-06,5283.955914246804
390,lower,0.058121233349999996,-0.0030226843699999997,0.0005856071000000032,-5.447603557811233e-06,1.9064398041050878e-06,5260.672885852606
391,lower,0.05870631275,-0.0030014187549999996,0.0005853243999999966,-5.468257184208623e-06,1.8971115191372367e-06,5237.415600664938
392,lower,0.0592911088,-0.002980068665,0.0005850469000000039,-5.4885588856866414e-06,1.8878001474766343e-06,5214.183975850607
393,lower,0.05987562705,-0.0029586455499999997,0.000584774499999996,-5.508509323249996e-06,1.8785056389164708e-06,5190.977915096902
394,lower,0.0604598729,-0.002937160595,0.0005845070000000049,-5.528109138870466e-06,1.869227940154859e-06,5167.797313015645
395,lower,0.06104385175,-0.00291562475,0.0005842445999999918,-5.5473589691475414e-06,1.8599669885884072e-06,5144.6420396650765
396,lower,0.06162756885,-0.002894048725,0.0005839868000000054,-5.566259422287463e-06,1.8507227235634462e-06,5121.511968700638
397,lower,0.06221102935,-0.002872442985,0.0005837340000000024,-5.58481110794493e-06,1.8414950722610202e-06,5098.406942109406
398,lower,0.06279423840000001,-0.00285081777,0.0005834856999999971,-5.603014608224252e-06,1.8322839640819984e-06,5075.326806224719
399,lower,0.063377201,-0.00282918311,0.0005832422000000004,-5.620870503437368e-06,1.8230893181253532e-06,5052.271380403801
400,lower,0.06395992210000001,-0.0028075488249999997,0.0005830029999999986,-5.638379347419572e-06,1.8139110559411418e-06,5029.240489009958
401,lower,0.06454240659999999,-0.00278592453,0.0005827684999999971,-5.655541695240065e-06,1.8047490874668756e-06,5006.233926169203
402,lower,0.0651246593,-0.00276431965,0.0005825382000000101,-5.672358076358668e-06,1.7956033253114937e-06,4983.2514916341215
403,lower,0.0657066849,-0.00274274342,0.0005823124999999874,-5.688829021315961e-06,1.7864736707206103e-06,4960.292955562291
404,lower,0.066288488,-0.002721204885,0.0005820908000000041,-5.7049550331670225e-06,1.7773600293860127e-06,4937.358098270444
405,lower,0.06687007325,-0.002699712915,0.0005818736000000047,-5.720736618692605e-06,1.768262294304187e-06,4914.446667143451
406,lower,0.06745144515,-0.0026782762200000003,0.0005816604000000031,-5.736174260792314e-06,1.7591803615327393e-06,4891.558416300349
407,lower,0.06803260815,-0.002656903335,0.0005814513999999882,-5.751268437857271e-06,1.750114119340697e-06,4868.693079299801
408,lower,0.0686135667,-0.002635602635,0.0005812463999999989,-5.766019613162712e-06,1.7410634545526809e-06,4845.850385137921
409,lower,0.06919432510000001,-0.002614382345,0.000581045500000002,-5.780428242867915e-06,1.7320282479592241e-06,4823.030046691784
410,lower,0.0697748876,-0.00259325054,0.0005808484000000003,-5.794494766134431e-06,1.723008380628614e-06,4800.231776670982
411,lower,0.07035525840000001,-0.002572215145,0.0005806554000000047,-5.808219620041861e-06,1.714003724668346e-06,4777.455264293307
412,lower,0.07093544175,-0.00255128394,0.0005804662000000044,-5.8216032250362755e-06,1.7050141526304871e-06,4754.700199063479
413,lower,0.0715154417,-0.002530464575,0.0005802807999999993,-5.834645992493118e-06,1.6960395329257104e-06,4731.966259203419
414,lower,0.07209526225,-0.0025097645699999997,0.000580099099999995,-5.8473483225637475e-06,1.6870797314464185e-06,4709.2531157746225
415,lower,0.0726749075,-0.002489191315,0.0005799213000000081,-5.859710610751485e-06,1.678134607009286e-06,4686.5604211310165
416,lower,0.07325438135000001,-0.00246875207,0.0005797470999999998,-5.871733237201968e-06,1.6692040191516216e-06,4663.887828700792
417,lower,0.07383368765000001,-0.00244845397,0.0005795765999999924,-5.8834165754974124e-06,1.6602878220278347e-06,4641.2349775213415
418,lower,0.0744128303,-0.0024283040450000003,0.0005794095999999971,-5.8947609865284855e-06,1.6513858690893548e-06,4618.601504129459
419,lower,0.07499181315,-0.00240830921,0.0005792463000000025,-5.905766826592824e-06,1.6424980069991674e-06,4595.987027106906
420,lower,0.07557063985,-0.002388476255,0.0005790865000000062,-5.916434439685112e-06,1.6336240818509813e-06,4573.391162904137
421,lower,0.0761493141,-0.00236881187,0.0005789301999999941,-5.926764161505455e-06,1.624763936151314e-06,4550.813518175694
422,lower,0.07672783964999999,-0.002349322645,0.0005787772999999996,-5.936756317709551e-06,1.615917410406543e-06,4528.253693829642
423,lower,0.07730622009999999,-0.0023300150649999997,0.0005786279000000033,-5.946411227569462e-06,1.6070843401232265e-06,4505.7112773922945
424,lower,0.07788445899999999,-0.00231089551,0.0005784818999999969,-5.95572920055484e-06,1.5982645589259933e-06,4483.185850964656
425,lower,0.07846255985,-0.00229197027,0.0005783391999999998,-5.964710536598167e-06,1.5894578986018418e-06,4460.676991351935
426,lower,0.07904052615000001,-0.00227324554,0.0005781999000000065,-5.973355529321081e-06,1.5806641861054912e-06,4438.184262418595
427,lower,0.07961836135,-0.00225472742,0.0005780638000000005,-5.981664461524669e-06,1.5718832481783078e-06,4415.707226904368
428,lower,0.0801960689,-0.00223642193,0.0005779311999999925,-5.989637612554217e-06,1.5631149037930607e-06,4393.245427096011
429,lower,0.08077365215,-0.00221833499,0.0005778015999999969,-5.997275247093447e-06,1.5543589763556547e-06,4370.79841607858
430,lower,0.08135111440000001,-0.0022004724449999997,0.0005776753000000107,-6.00457762646547e-06,1.5456152816024383e-06,4348.365726747598
431,lower,0.08192845900000001,-0.00218284006,0.0005775521999999977,-6.011545003089508e-06,1.5368836337138712e-06,4325.946887471215
432,lower,0.08250568915,-0.00216544351,0.0005774322999999998,-6.0181776219510455e-06,1.5281638438477528e-06,4303.541418339959
433,lower,0.08308280805,-0.0021482884,0.0005773154999999947,-6.024475719514651e-06,1.5194557216862477e-06,4281.148835146511
434,lower,0.08365981894999999,-0.002131380255,0.0005772017000000018,-6.0304395239295714e-06,1.5107590754733143e-06,4258.768649494162
435,lower,0.084236725,-0.0021147245299999997,0.0005770910999999962,-6.036069258248323e-06,1.5020737075313167e-06,4236.400357266707
436,lower,0.0848135293,-0.002098326605,0.0005769835999999973,-6.041365137243827e-06,1.49339941882548e-06,4214.043450371966
437,lower,0.0853902349,-0.00208219179,0.0005768790000000024,-6.04632736681206e-06,1.4847360104969865e-06,4191.697420710928
438,lower,0.08596684485,-0.002066325325,0.0005767774000000059,-6.05095614684404e-06,1.4760832793874567e-06,4169.361748649981
439,lower,0.08654336215,-0.0020507323799999998,0.0005766789000000022,-6.055251671026977e-06,1.467441018083047e-06,4147.035903125539
440,lower,0.0871197898,-0.00203541807,0.0005765833000000026,-6.059214124554884e-06,1.4588090194407177e-06,4124.71935333483
441,lower,0.0876961308,-0.002020387435,0.0005764906999999875,-6.062843686481263e-06,1.4501870721294726e-06,4102.411557224584
442,lower,0.08827238805,-0.002005645455,0.0005764009000000098,-6.066140527832975e-06,1.4415749651501525e-06,4080.111973186095
443,lower,0.0888485644,-0.0019911970550000003,0.0005763139999999944,-6.069104813645613e-06,1.4329724833741773e-06,4057.8200485207426
444,lower,0.08942466269999999,-0.00197704709,0.0005762301999999997,-6.071736703192178e-06,1.4243794060950912e-06,4035.5352156723625
445,lower,0.09000068585,-0.001963200365,0.000576148999999998,-6.0740363467017966e-06,1.4157955174940269e-06,4013.2569193638446
446,lower,0.0905766366,-0.0019496616300000002,0.0005760707000000004,-6.076003889332752e-06,1.4072205947320986e-06,3990.984585733684
447,lower,0.09115251769999999,-0.0019364355700000001,0.0005759951999999985,-6.0776394693476045e-06,1.3986544139492135e-06,3968.7176378936347
448,lower,0.09172833194999999,-0.00192352682,0.0005759226000000006,-6.078943218769531e-06,1.3900967473118913e-06,3946.4554882596713
449,lower,0.092304082,-0.00191093996,0.0005758527000000041,-6.079915262733953e-06,1.3815473674999563e-06,3924.1975502256373
450,lower,0.09287977054999999,-0.001898679525,0.0005757856000000033,-6.0805557202558626e-06,1.3730060432680785e-06,3901.943226621702
451,lower,0.09345540029999999,-0.001886749995,0.0005757212000000039,-6.080864703893974e-06,1.364472542442621e-06,3879.691917516776
452,lower,0.0940309739,-0.0018751557950000002,0.000575659499999992,-6.080842320007542e-06,1.3559466304632143e-06,3857.443016426344
453,lower,0.0946064939,-0.001863901305,0.0005756006000000036,-6.08048866875406e-06,1.3474280689243975e-06,3835.1959065068636
454,lower,0.09518196285,-0.0018529908550000002,0.0005755442999999943,-6.079803844217518e-06,1.3389166200408712e-06,3812.949972214238
455,lower,0.0957573834,-0.0018424287400000002,0.0005754907000000004,-6.078787934283047e-06,1.3304120422210174e-06,3790.704587746675
456,lower,0.09633275805,-0.001832219195,0.0005754396999999994,-6.077441020962555e-06,1.3219140930545713e-06,3768.459124857877
457,lower,0.09690808925,-0.0018223664099999998,0.0005753915000000082,-6.0757631797800986e-06,1.3134225249023768e-06,3746.212941316583
458,lower,0.0974833795,-0.00181287454,0.0005753454999999907,-6.073754482077077e-06,1.3049370967181083e-06,3723.965411875467
459,lower,0.0980586313,-0.001803747695,0.0005753029999999992,-6.0714149886675625e-06,1.2964575460423416e-06,3701.71585485872
460,lower,0.09863384705,-0.00179498994,0.0005752620000000069,-6.0687447622234655e-06,1.2879836376806173e-06,3679.46365983393
461,lower,0.09920902915,-0.0017866053,0.0005752239999999992,-6.065743853617846e-06,1.27951511212481e-06,3657.2081523046472
462,lower,0.09978418005,-0.001778597755,0.0005751890000000037,-6.0624123071340765e-06,1.2710517076955392e-06,3634.9486517627793
463,lower,0.10035930200000001,-0.00177097125,0.0005751569999999928,-6.058750160581792e-06,1.2625931605560932e-06,3612.684471731015
464,lower,0.1009343975,-0.001763729695,0.0005751250000000097,-6.054757465980854e-06,1.2541392488240062e-06,3590.4150359544306
465,lower,0.1015094685,-0.00175687695,0.0005750989999999956,-6.0504342291228826e-06,1.2456896602794683e-06,3568.1395300229347
466,lower,0.1020845175,-0.001750416845,0.0005750729999999954,-6.045780492563175e-06,1.2372441687694736e-06,3545.857366041126
467,lower,0.1026595475,-0.0017443531749999999,0.0005750500000000075,-6.0407962711278e-06,1.2288025019496898e-06,3523.567834125218
468,lower,0.10323455949999999,-0.0017386896950000001,0.0005750299999999903,-6.035481573891215e-06,1.220364385398474e-06,3501.2702186689185
469,lower,0.103809556,-0.0017334301250000001,0.0005750119999999997,-6.029836413131623e-06,1.2119295572990775e-06,3478.963837125634
470,lower,0.10438454,-0.00172857815,0.0005749970000000076,-6.023860785558973e-06,1.2034977391051519e-06,3456.6479624769127
471,lower,0.10495951349999999,-0.00172413742,0.0005749830000000011,-6.017554703492672e-06,1.195068679552998e-06,3434.321939715712
472,lower,0.10553447799999999,-0.0017201115549999998,0.000574973999999992,-6.01091813049476e-06,1.1866420667055536e-06,3411.9849529529865
473,lower,0.106109436,-0.001716504145,0.0005749650000000106,-6.00395108065187e-06,1.1782176598933735e-06,3389.6363749193706
474,lower,0.10668438999999999,-0.001713318735,0.0005749599999999994,-5.99665351584387e-06,1.1697951578246979e-06,3367.275417415634
475,lower,0.1072593415,-0.0017105588400000002,0.0005749559999999876,-5.989025429990436e-06,1.161374301169607e-06,3344.9014034206775
476,lower,0.1078342925,-0.0017082279600000002,0.0005749560000000015,-5.981066772609846e-06,1.1529547846679572e-06,3322.5135337311744
477,lower,0.1084092455,-0.0017063295499999999,0.0005749570000000009,-5.972777528135033e-06,1.1445363450266678e-06,3300.111120486468
478,lower,0.10898420249999999,-0.00170486703,0.0005749609999999988,-5.964157648139921e-06,1.136118687709902e-06,3277.693392575409
479,lower,0.1095591655,-0.00170384381,0.0005749670000000096,-5.955207093440912e-06,1.1277015308684877e-06,3255.259612476911
480,lower,0.11013413650000001,-0.001703263255,0.0005749759999999909,-5.9459258041125284e-06,1.119284576077901e-06,3232.80899832895
481,lower,0.1107091175,-0.0017031286950000002,0.0005749859999999996,-5.936313747338414e-06,1.1108675522694978e-06,3210.340841075653
482,lower,0.1112841105,-0.0017034434500000002,0.0005750000000000061,-5.9263708355509135e-06,1.1024501425357477e-06,3187.8543091739557
483,lower,0.11185911700000001,-0.001704210805,0.0005750149999999982,-5.916097027020509e-06,1.0940320719767607e-06,3165.348683102758
484,lower,0.1124341395,-0.00170543401,0.0005750330000000026,-5.905492239970375e-06,1.0856130345191983e-06,3142.8231598939838
485,lower,0.11300918,-0.001707116295,0.0005750519999999926,-5.894556424331695e-06,1.077192751481966e-06,3120.277009722009
486,lower,0.11358424,-0.001709260865,0.0005750760000000077,-5.883289449078295e-06,1.0687708837304852e-06,3097.709340762685
487,lower,0.1141593215,-0.001711870895,0.0005750989999999956,-5.871691294409877e-06,1.0603471781231716e-06,3075.1194914227085
488,lower,0.11473442649999999,-0.00171494953,0.0005751270000000086,-5.859761816645641e-06,1.051921291782521e-06,3052.5065594467683
489,lower,0.1153095565,-0.0017184999,0.0005751549999999939,-5.847500969200834e-06,1.0434929532153867e-06,3029.869833948538
490,lower,0.1158847135,-0.001722525105,0.0005751870000000048,-5.834908616767739e-06,1.035061830473707e-06,3007.2084416317957
491,lower,0.1164598995,-0.001727028215,0.0005752210000000008,-5.82198466091934e-06,1.0266276190747165e-06,2984.521582804925
492,lower,0.11703511650000001,-0.001732012285,0.0005752559999999962,-5.808729021667056e-06,1.0181900273700166e-06,2961.8084922345142
493,lower,0.11761036550000001,-0.00173748034,0.000575294000000004,-5.7951415694815595e-06,1.0097487325594765e-06,2939.0683207985053
494,lower,0.1181856485,-0.00174343538,0.0005753339999999968,-5.781222192695521e-06,1.0013034246915397e-06,2916.300253839857
495,lower,0.118760968,-0.0017498803849999999,0.0005753770000000019,-5.766970749978514e-06,9.928537773204495e-07,2893.503432104047
496,lower,0.119336325,-0.00175681831,0.0005754209999999926,-5.752387144930579e-06,9.84399491563561e-07,2870.6770706189595
497,lower,0.119914624,-0.00176438538,0.0005812760000000056,-5.737318998057195e-06,9.758547835511362e-07,2847.5893239561606
498,lower,0.12050021650000001,-0.001772619275,0.000590024999999994,-5.721678540719032e-06,9.671766077751543e-07,2824.1232608519085
499,lower,0.1210901945,-0.00178115359,0.0005900540000000065,-5.705689195766389e-06,9.584929697561404e-07,2800.6246302429095
500,lower,0.121680202,-0.0017897203249999999,0.0005900849999999902,-5.689350856196869e-06,9.498038204181129e-07,2777.0932984521933
501,lower,0.1222702395,-0.0017983221300000001,0.0005901160000000016,-5.672663467726527e-06,9.411091385345658e-07,2753.5292072412562
502,lower,0.122860308,-0.0018069616400000002,0.0005901479999999987,-5.655626946610263e-06,9.32408886578203e-07,2729.9322542894015
503,lower,0.123450408,-0.0018156414600000001,0.0005901799999999957,-5.638241236493024e-06,9.237030402059402e-07,2706.30237311693
504,lower,0.12404054,-0.001824364165,0.0005902130000000061,-5.620506250673174e-06,9.14991558791133e-07,2682.639453160431
505,lower,0.1246307045,-0.00183313232,0.0005902460000000165,-5.6024219310190065e-06,9.06274414931402e-07,2658.9434198639433
506,lower,0.1252209025,-0.00184194846,0.0005902809999999981,-5.583988156347694e-06,8.975515501685548e-07,2635.214114323948
507,lower,0.1258111345,-0.00185081509,0.0005903159999999796,-5.565204865274633e-06,8.888229340804067e-07,2611.451453933773
508,lower,0.12640140049999998,-0.0018597346999999998,0.0005903510000000167,-5.546071996411648e-06,8.800885347694967e-07,2587.6553522369377
509,lower,0.126991701,-0.0018687097500000001,0.0005903869999999978,-5.526589455072191e-06,8.713483040762135e-07,2563.825678594169
510,lower,0.12758203699999998,-0.0018777426749999999,0.0005904240000000061,-5.5067571442046626e-06,8.626021923703492e-07,2539.962298404632
511,lower,0.1281724095,-0.0018868358899999998,0.0005904599999999871,-5.486575032752693e-06,8.5385017820694e-07,2516.065154079061
512,lower,0.1287628185,-0.001895991795,0.0005904989999999943,-5.466042952344172e-06,8.450921794185144e-07,2492.134022369245
513,lower,0.129353264,-0.0019052127649999999,0.0005905370000000021,-5.445160870733734e-06,8.363281717082996e-07,2468.168838181924
514,lower,0.129943747,-0.00191450114,0.0005905760000000093,-5.423928684949302e-06,8.275580997177628e-07,2444.1694516578455
515,lower,0.1305342685,-0.0019238592549999998,0.0005906149999999888,-5.402346326194525e-06,8.187819215329211e-07,2420.135749814291
516,lower,0.1311248285,-0.001933289415,0.0005906549999999955,-5.3804136885358075e-06,8.099995790013543e-07,2396.06757534611
517,lower,0.13171542749999998,-0.0019427939,0.0005906960000000017,-5.3581306639679075e-06,8.012110125869199e-07,2371.9647672286865
518,lower,0.13230606649999999,-0.00195237498,0.0005907370000000078,-5.335497180432227e-06,7.924161762627496e-07,2347.8272015757893
519,lower,0.13289674550000002,-0.001962034895,0.0005907790000000135,-5.312513126960592e-06,7.836150077716462e-07,2323.6547101068827
520,lower,0.133487465,-0.001971775865,0.0005908209999999914,-5.289178430007717e-06,7.748074584131811e-07,2299.44716188124
521,lower,0.13407822549999998,-0.001981600095,0.000590862999999997,-5.265493015727781e-06,7.659934781738591e-07,2275.204422516011
522,lower,0.13466902749999998,-0.00199150977,0.0005909070000000016,-5.241456728620469e-06,7.571729858844878e-07,2250.9262720435986
523,lower,0.135259872,-0.0020015070500000003,0.0005909510000000062,-5.217069491579786e-06,7.483459289027532e-07,2226.612569050312
524,lower,0.135850759,-0.0020115940750000004,0.0005909959999999825,-5.192331185635463e-06,7.395122383629247e-07,2202.263127591087
525,lower,0.13644168899999998,-0.0020217729700000003,0.0005910400000000149,-5.167241774642502e-06,7.306718740155357e-07,2177.877840740606
526,lower,0.137032663,-0.0020320458350000003,0.0005910859999999907,-5.141801094510224e-06,7.21824749485529e-07,2153.456474496024
527,lower,0.137623681,-0.0020424147550000002,0.0005911309999999947,-5.116009108490803e-06,7.129708220245612e-07,2128.998915379747
528,lower,0.138214743,-0.002052881795,0.0005911779999999978,-5.089865648935569e-06,7.041100027164168e-07,2104.504922571199
529,lower,0.13880585,-0.002063449,0.0005912260000000003,-5.063370588865809e-06,6.952422163581628e-07,2079.9742931684764
530,lower,0.13939700300000002,-0.0020741184,0.0005912720000000038,-5.036523935146473e-06,6.863674315293979e-07,2055.406945542768
531,lower,0.13998820150000002,-0.0020848919999999996,0.0005913210000000058,-5.009325468498182e-06,6.774855405719358e-07,2030.8025872574785
532,lower,0.140579446,-0.0020957717949999996,0.0005913690000000082,-4.9817751503678174e-06,6.685964946607284e-07,2006.1610888835444
533,lower,0.1411707375,-0.0021067597549999997,0.0005914179999999825,-4.9538728490206636e-06,6.597002137384061e-07,1981.482234602117
534,lower,0.1417620765,-0.00211785783,0.0005914680000000117,-4.925618430645481e-06,6.507966165453715e-07,1956.7658053482219
535,lower,0.1423534635,-0.002129067965,0.0005915180000000131,-4.897011807715507e-06,6.418856356863104e-07,1932.011620664304
536,lower,0.142944898,-0.0021403920749999998,0.0005915679999999868,-4.868052892992564e-06,6.32967202616247e-07,1907.2194971080019
537,lower,0.143536381,-0.00215183206,0.0005916199999999872,-4.838741499551145e-06,6.2404121747431e-07,1882.3891642875828
538,lower,0.14412791349999998,-0.0021633898049999998,0.0005916700000000163,-4.809077636860899e-06,6.151076395932854e-07,1857.5205165821017
539,lower,0.14471949499999998,-0.002175067175,0.0005917229999999885,-4.779061064592084e-06,6.061663517011031e-07,1832.6132353632586
540,lower,0.145311126,-0.0021868660250000003,0.0005917750000000166,-4.7486917420631834e-06,5.972172957934085e-07,1807.667167137553
541,lower,0.1459028075,-0.0021987881900000002,0.0005918289999999882,-4.7179694740358765e-06,5.882603673933392e-07,1782.682029031806
542,lower,0.14649454,-0.0022108354800000002,0.0005918810000000163,-4.6868942714274256e-06,5.79295521446671e-07,1757.6577040534887
543,lower,0.1470863235,-0.002223009695,0.0005919359999999874,-4.65546588322637e-06,5.703226360937717e-07,1732.5938610426856
544,lower,0.147678158,-0.00223531262,0.0005919889999999872,-4.623684321517119e-06,5.613416641420007e-07,1707.4903774880995
545,lower,0.1482700445,-0.00224774602,0.0005920450000000133,-4.591549329945166e-06,5.523524814907396e-07,1682.3469161016567
546,lower,0.14886198350000002,-0.0022603116449999997,0.0005921000000000121,-4.559060866003815e-06,5.43355023652735e-07,1657.1633063774111
547,lower,0.14945397500000002,-0.00227301123,0.0005921559999999826,-4.526218778029756e-06,5.343491947121433e-07,1631.9392900689054
548,lower,0.15004602,-0.0022858465,0.0005922120000000086,-4.4930229680365955e-06,5.253349128923252e-07,1606.67464864254
549,lower,0.150638118,-0.0022988191550000004,0.0005922680000000069,-4.459473338325091e-06,5.163120953869915e-07,1581.3691608929953
550,lower,0.15123026950000001,-0.0023119308749999998,0.0005923259999999764,-4.425569676414575e-06,5.072806278767467e-07,1556.022517358637
551,lower,0.15182247599999998,-0.0023251833349999997,0.0005923830000000019,-4.391311938864737e-06,4.982404407292193e-07,1530.6345340587127
552,lower,0.152414737,-0.002338578195,0.0005924409999999991,-4.3566999674534105e-06,4.891914327960653e-07,1505.2049387486536
553,lower,0.153007053,-0.002352117095,0.0005925000000000236,-4.321733601875909e-06,4.801335018922775e-07,1479.733456369478
554,lower,0.1535994245,-0.00236580166,0.0005925589999999925,-4.286412739351924e-06,4.7106656010515963e-07,1454.219852124361
555,lower,0.154191851,-0.002379633495,0.0005926179999999892,-4.250737277387627e-06,4.619905185450799e-07,1428.6638886822743
556,lower,0.154784334,-0.0023936141999999997,0.0005926780000000131,-4.214707051798195e-06,4.529052720189121e-07,1403.0652829310964
557,lower,0.155376874,-0.0024077453599999996,0.0005927379999999816,-4.178321957699604e-06,4.4381072966857666e-07,1377.4237922778138
558,lower,0.15596947,-0.00242202853,0.000592799000000005,-4.141581828812983e-06,4.347067843295511e-07,1351.739128356172
559,lower,0.15656212349999998,-0.002436465265,0.0005928600000000006,-4.104486558752173e-06,4.2559334321674323e-07,1326.0110434659116
560,lower,0.157154835,-0.00245105711,0.0005929219999999957,-4.0670359776612834e-06,4.164702972143079e-07,1300.239243961179
561,lower,0.15774760399999999,-0.00246580558,0.0005929830000000191,-4.02923004170302e-06,4.0733756703807245e-07,1274.4235206547332
562,lower,0.1583404315,-0.0024807121799999996,0.000593045999999986,-3.9910685151698115e-06,3.9819502627819237e-07,1248.5635313165708
563,lower,0.1589333175,-0.0024957784050000003,0.0005931090000000083,-3.9525512886685135e-06,3.890425783814111e-07,1222.6590182558446
564,lower,0.15952626250000002,-0.0025110057350000003,0.0005931720000000029,-3.913678252498343e-06,3.798801258864096e-07,1196.7097213960392
565,lower,0.160119267,-0.002526395635,0.000593235999999997,-3.874449230523571e-06,3.707075549704048e-07,1170.7153344792516
566,lower,0.16071233099999999,-0.002541949555,0.0005932999999999911,-3.834864111538272e-06,3.6152476635042346e-07,1144.6755925964867
567,lower,0.161305455,-0.002557668935,0.0005933650000000124,-3.7949227167150463e-06,3.52331644364357e-07,1118.5901845489661
568,lower,0.1618986395,-0.0025735552,0.0005934290000000064,-3.75462500095181e-06,3.431281034432061e-07,1092.4588846832735
569,lower,0.1624918845,-0.002589609755,0.0005934959999999989,-3.713970646915238e-06,3.339139950991726e-07,1066.2812888738572
570,lower,0.16308519049999998,-0.002605833995,0.000593559999999993,-3.6729597461824586e-06,3.2468926308630054e-07,1040.0572551582925
571,lower,0.16367855850000002,-0.00262222931,0.0005936279999999849,-3.631591907259742e-06,3.154537415426241e-07,1013.7863301815345
572,lower,0.164271988,-0.002638797065,0.0005936930000000062,-3.5898672237764276e-06,3.062073725844229e-07,987.4683678152626
573,lower,0.16486547899999998,-0.00265553861,0.0005937609999999982,-3.5477853694503987e-06,2.969500040954807e-07,961.102953996091
574,lower,0.1654590325,-0.0026724552900000004,0.0005938290000000179,-3.505346226452565e-06,2.8768152979870504e-07,934.6898052167255
575,lower,0.166052649,-0.00268954844,0.0005938959999999827,-3.462549748704702e-06,2.784018582135031e-07,908.2286803466508
576,lower,0.166646328,-0.002706819375,0.0005939650000000019,-3.419395674231032e-06,2.691108501669812e-07,881.7192024727469
577,lower,0.1672400705,-0.00272426939,0.0005940329999999938,-3.375883956630676e-06,2.598084125559414e-07,855.161126213495
578,lower,0.16783387700000002,-0.0027418997800000003,0.000594102000000013,-3.3320144032904013e-06,2.5049442016878366e-07,828.5541147277761
579,lower,0.16842774700000002,-0.002759711825,0.0005941720000000039,-3.287786820099397e-06,2.4116874694313967e-07,801.8978288758431
580,lower,0.16902168150000002,-0.002777706785,0.0005942419999999948,-3.2432010855872544e-06,2.3183128168954778e-07,775.1919721407994
581,lower,0.1696156805,-0.002795885915,0.0005943129999999852,-3.198257002646429e-06,2.2248189670285662e-07,748.4362009388714
582,lower,0.17020974449999998,-0.00281425045,0.0005943830000000039,-3.152954524511755e-06,2.1312049494964422e-07,721.6302596137934
583,lower,0.17080387349999998,-0.002832801615,0.000594454000000022,-3.1072934525630447e-06,2.0374694714778067e-07,694.7738003873814
584,lower,0.17139806800000001,-0.00285154063,0.0005945259999999841,-3.061273586086618e-06,1.9436112319440954e-07,667.866473229933
585,lower,0.1719923285,-0.0028704686950000004,0.0005945970000000023,-3.014894878275233e-06,1.849629237883586e-07,640.9080165654505
586,lower,0.172586655,-0.0028895869950000003,0.0005946709999999911,-2.9681569697121187e-06,1.755521856398251e-07,613.8979854345736
587,lower,0.173181048,-0.002908896705,0.0005947420000000092,-2.9210599704532818e-06,1.6612883961243983e-07,586.8362052083277
588,lower,0.17377550749999998,-0.002928398995,0.000594815999999998,-2.873603517189602e-06,1.5669272082334993e-07,559.7222265660866
589,lower,0.174370034,-0.002948095015,0.0005948900000000146,-2.8257874820834406e-06,1.4724371113817635e-07,532.5557345344795
590,lower,0.1749646275,-0.0029679859,0.0005949629999999761,-2.77761181825483e-06,1.3778170760776504e-07,505.33645801455623
591,lower,0.175559289,-0.00298807278,0.0005950380000000199,-2.7290762352962664e-06,1.2830655885675908e-07,478.06398675931763
592,lower,0.1761540185,-0.003008356775,0.000595111999999981,-2.680180685702776e-06,1.1881816051031559e-07,450.73804591677776
593,lower,0.176748816,-0.0030288389900000002,0.0005951880000000243,-2.6309248754682858e-06,1.0931635965989508e-07,423.35822105031275
594,lower,0.177343682,-0.00304952051,0.0005952629999999848,-2.581308756759591e-06,9.980105053816118e-08,395.92423365709965
595,lower,0.1779386165,-0.0030704024150000004,0.0005953390000000003,-2.5313321156196075e-06,9.027209474014749e-08,368.4357113485173
596,lower,0.17853362,-0.00309148578,0.0005954150000000158,-2.480994820534656e-06,8.072936913949854e-08,340.8923259320406
597,lower,0.179128693,-0.0031127716600000003,0.0005954919999999753,-2.430296654540982e-06,7.117273388738222e-08,313.29370109355983
598,lower,0.17971312350000002,-0.00313387248,0.0005741310000000055,-2.381081551856593e-06,6.194679177213725e-08,286.6358457151561
600,spar,0.18,-0.0030058574499999997,0.000276844298,-2.357270752390196e-06,5.753350955439599e-08,273.86981501108517
601,spar,0.18,-0.00272901315,0.000276844299,-2.3334599528377907e-06,5.3196870086878986e-08,261.30377779503794
602,spar,0.18,-0.0024521688500000003,0.00027684429800000005,-2.3096491533713936e-06,4.893687340091533e-08,248.93773415779512
603,spar,0.18,-0.002175324555,0.00027684429499999995,-2.28583835416302e-06,4.475351952478882e-08,236.7716841821907
604,spar,0.18,-0.00189848026,0.00027684429999999993,-2.2620275545246072e-06,4.06468083381663e-08,224.8056275181059
605,spar,0.18,-0.00162163596,0.00027684430000000015,-2.2382167548861943e-06,3.661673991798627e-08,213.03956438888
606,spar,0.18,-0.00134479166,0.00027684429999999993,-2.2144059552477813e-06,3.2663314264248736e-08,201.473494794513
607,spar,0.18,-0.0010679473615,0.00027684429999999993,-2.1905951556093684e-06,2.8786531376538423e-08,190.10741873392124
608,spar,0.18,-0.0007911030635,0.00027684430000000015,-2.1667843559709554e-06,2.4986391254716907e-08,178.94133620674359
609,spar,0.18,-0.0005142587650000001,0.00027684428999999976,-2.1429735571926214e-06,2.1262894033420508e-08,167.97524760945154
610,spar,0.18,-0.0002374144667,0.00027684430000000015,-2.1191627575542084e-06,1.761603944359807e-08,157.20915214967997
611,spar,0.18,3.9429831800000004e-05,0.00027684430000000015,-2.0953519579157955e-06,1.4045827619802856e-08,146.64305022368367
612,spar,0.18,0.00031627413,0.0002768442999999997,-2.0715411582773825e-06,1.0552258561951818e-08,136.27694183124598
613,spar,0.18,0.0005931184285,0.00027684430000000015,-2.0477303586389696e-06,7.135332270127998e-09,126.11082697258354
614,spar,0.18,0.000869962729,0.00027684430000000015,-2.0239195590005566e-06,3.795048744885091e-09,116.1447056491412
615,spar,0.18,0.001146807025,0.00027684428999999976,-2.0001087602222226e-06,5.314081028645303e-10,106.37857821043423
616,spar,0.18,0.00142365132,0.0002768442999999997,-1.9762979605838097e-06,-2.6555898919849907e-09,96.81244395020805
617,spar,0.18,0.00170049562,0.0002768443000000006,-1.9524871609453967e-06,-5.765945120392031e-09,87.44630322484073
618,spar,0.18,0.00197733992,0.0002768442999999997,-1.9286763613069838e-06,-8.799657582356573e-09,78.28015603433235
619,spar,0.18,0.00225418422,0.0002768442999999997,-1.9048655616685708e-06,-1.1756727277878624e-08,69.31400237868286
620,spar,0.18,0.00253102852,0.0002768443000000006,-1.8810547620301579e-06,-1.4637154206958194e-08,60.54784225789223
621,spar,0.18,0.0028078728199999996,0.00027684428999999976,-1.857243963251824e-06,-1.7440938268318694e-08,51.98167598138234
622,spar,0.18,0.003084717115,0.0002768442999999997,-1.8334331636134111e-06,-2.0168079665897497e-08,43.615502926697495
623,spar,0.18,0.00336156141,0.0002768443000000006,-1.8096223639749982e-06,-2.281857829841804e-08,35.4493234032595
624,spar,0.18,0.0036384057099999997,0.0002768442999999997,-1.7858115643365852e-06,-2.5392434164496084e-08,27.483137414680428
625,spar,0.18,0.003915250009999999,0.0002768442999999997,-1.7620007646981722e-06,-2.7889647264131637e-08,19.716944960960248
626,spar,0.18,0.00419209431,0.0002768443000000006,-1.7381899650597593e-06,-3.031021759732471e-08,12.150746042098945
627,spar,0.18,0.004468938610000001,0.0002768442999999997,-1.7143791654213463e-06,-3.2654145164075284e-08,4.784540658096546
628,spar,0.18,0.004745782905,0.0002768442900000006,-1.6905683666430123e-06,-3.4921429883870126e-08,-2.381670935805488
629,spar,0.18,0.0050226272,0.00027684429999999885,-1.6667575670045994e-06,-3.7112071920504156e-08,-9.347889257314122
630,spar,0.18,0.0052994715,0.0002768443000000006,-1.6429467673661864e-06,-3.922607119069571e-08,-16.11411404396391
631,spar,0.18,0.0055763158,0.0002768443000000006,-1.6191359677277735e-06,-4.126342769444478e-08,-22.68034529575479
632,spar,0.18,0.0058531601,0.00027684429999999885,-1.5953251680893605e-06,-4.322414143175134e-08,-29.046583012686767
633,spar,0.18,0.0061300044,0.0002768443000000006,-1.5715143684509476e-06,-4.5108212402615424e-08,-35.21282719475985
634,spar,0.18,0.006406848695,0.00027684428999999976,-1.5477035696726138e-06,-4.691564054313442e-08,-41.17907763007682
635,spar,0.18,0.00668369299,0.0002768443000000006,-1.5238927700342008e-06,-4.8646425983881963e-08,-46.945334749656155
636,spar,0.18,0.006960537290000001,0.000276844259999999,-1.5000819738361043e-06,-5.0300568419187304e-08,-52.511597530131965
637,spar,0.18,0.00723738159,0.0002768443000000006,-1.4762711741976913e-06,-5.187806832704987e-08,-57.87786757999352
638,spar,0.18,0.00751422589,0.0002768443000000006,-1.4524603745592784e-06,-5.3378925468469945e-08,-63.0441440949962
639,spar,0.18,0.00779107019,0.00027684429999999885,-1.4286495749208654e-06,-5.480313984344752e-08,-68.01042707513994
640,spar,0.18,0.008067914485000001,0.0002768443000000006,-1.4048387752824525e-06,-5.6150711453366836e-08,-72.77671652403686
641,spar,0.18,0.00834475878,0.0002768443000000006,-1.3810279756440395e-06,-5.742164029822789e-08,-77.34301244168688
642,spar,0.18,0.00862160308,0.00027684429999999885,-1.3572171760056266e-06,-5.861592637664644e-08,-81.70931482447801
643,spar,0.18,0.00889844738,0.0002768443000000006,-1.3334063763672136e-06,-5.973356968862251e-08,-85.87562367241026
644,spar,0.18,0.00917529168,0.0002768443000000006,-1.3095955767288007e-06,-6.077457023415609e-08,-89.84193898548362
645,spar,0.18,0.00945213598,0.00027684429999999885,-1.2857847770903877e-06,-6.173892801324717e-08,-93.60826076369806
646,spar,0.18,0.00972898028,0.0002768443000000006,-1.2619739774519748e-06,-6.262664302589577e-08,-97.17458900705363
647,spar,0.18,0.010005824565,0.0002768443000000006,-1.2381631778135618e-06,-6.343771527625454e-08,-100.54092372638637
648,spar,0.18,0.01028266885,0.00027684429999999885,-1.2143523781751489e-06,-6.417214476432348e-08,-103.70726492169626
649,spar,0.18,0.01055951315,0.0002768443000000006,-1.190541578536736e-06,-6.482993148594994e-08,-106.67361258214729
650,spar,0.18,0.01083635745,0.0002768443000000006,-1.166730778898323e-06,-6.541107544113391e-08,-109.43996670773942
651,spar,0.18,0.01111320175,0.00027684429999999885,-1.14291997925991e-06,-6.591557662987538e-08,-112.00632729847263
652,spar,0.18,0.01139004605,0.0002768443000000006,-1.119109179621497e-06,-6.634343505217436e-08,-114.37269435434695
653,spar,0.18,0.01166689035,0.0002768443000000006,-1.095298379983084e-06,-6.669465070803086e-08,-116.5390678753624
654,spar,0.18,0.01194373465,0.00027684429999999885,-1.0714875803446711e-06,-6.696922359744487e-08,-118.50544786151895
655,spar,0.18,0.01222057895,0.0002768443000000006,-1.0476767807062582e-06,-6.716715372041638e-08,-120.2718343128166
656,spar,0.18,0.01249742325,0.00027684429999999885,-1.0238659810678452e-06,-6.72884410769454e-08,-121.83822722925535
657,spar,0.18,0.01277426755,0.0002768443000000023,-1.000055181429432e-06,-6.733308566703194e-08,-123.20462661083522
658,spar,0.18,0.01305111185,0.00027684429999999885,-9.76244381791019e-07,-6.730108749067598e-08,-124.3710324575562
659,spar,0.18,0.01332795615,0.00027684429999999885,-9.524335821526062e-07,-6.719244654787753e-08,-125.33744476941828
660,spar,0.18,0.01360480045,0.0002768443000000023,-9.28622782514193e-07,-6.700716283863659e-08,-126.10386354642145
661,spar,0.18,0.01388164475,0.00027684429999999885,-9.0481198287578e-07,-6.674523636295317e-08,-126.67028878856576
662,spar,0.18,0.01415848905,0.00027684429999999885,-8.810011832373671e-07,-6.640666712082725e-08,-127.03672049585117
663,spar,0.18,0.01443533335,0.0002768443000000023,-8.571903835989539e-07,-6.599145511225885e-08,-127.20315866827767
664,spar,0.18,0.01471217765,0.00027684429999999885,-8.33379583960541e-07,-6.549960033724796e-08,-127.1696033058453
665,spar,0.18,0.01498902195,0.00027684429999999885,-8.09568784322128e-07,-6.493110279579457e-08,-126.93605440855401
666,spar,0.18,0.01526586625,0.0002768443000000023,-7.857579846837148e-07,-6.42859624878987e-08,-126.50251197640388
667,spar,0.18,0.01554271055,0.00027684429999999885,-7.619471850453019e-07,-6.356417941356034e-08,-125.86897600939483
668,spar,0.18,0.01581955485,0.00027684429999999885,-7.381363854068889e-07,-6.276575357277949e-08,-125.03544650752687
669,spar,0.18,0.016096399150000003,0.0002768443000000023,-7.143255857684758e-07,-6.189068496555614e-08,-124.00192347080001
670,spar,0.18,0.016373243449999998,0.00027684429999999885,-6.905147861300628e-07,-6.09389735918903e-08,-122.76840689921427
671,spar,0.18,0.01665008775,0.00027684429999999885,-6.667039864916499e-07,-5.991061945178198e-08,-121.33489679276964
672,spar,0.18,0.016926932050000003,0.0002768443000000023,-6.428931868532367e-07,-5.880562254523116e-08,-119.7013931514661
673,spar,0.18,0.017203776349999998,0.00027684429999999885,-6.190823872148237e-07,-5.762398287223786e-08,-117.8678959753037
674,spar,0.18,0.01748062065,0.00027684429999999885,-5.952715875764108e-07,-5.636570043280207e-08,-115.83440526428238
675,spar,0.18,0.017757464950000003,0.0002768443000000023,-5.714607879379976e-07,-5.5030775226923775e-08,-113.60092101840218
676,spar,0.18,0.018034309249999998,0.00027684429999999885,-5.476499882995847e-07,-5.3619207254603005e-08,-111.16744323766306
677,spar,0.18,0.01831115355,0.00027684429999999885,-5.238391886611717e-07,-5.213099651583975e-08,-108.53397192206509
678,spar,0.18,0.018587997850000003,0.0002768443000000023,-5.000283890227585e-07,-5.0566143010633976e-08,-105.70050707160817
679,spar,0.18,0.018864842149999998,0.00027684429999999885,-4.7621758938434565e-07,-4.892464673898574e-08,-102.6670486862924
680,spar,0.18,0.01914168645,0.00027684429999999885,-4.5240678974593275e-07,-4.7206507700895013e-08,-99.43359676611773
681,spar,0.18,0.019418530750000003,0.0002768443000000023,-4.2859599010751953e-07,-4.5411725896361775e-08,-96.00015131108415
682,spar,0.18,0.01969537505,0.00027684429999999885,-4.0478519046910663e-07,-4.354030132538607e-08,-92.36671232119171
683,spar,0.18,0.01997221935,0.00027684429999999885,-3.8097439083069373e-07,-4.159223398796787e-08,-88.53327979644035
684,spar,0.18,0.02024906365,0.0002768443000000023,-3.571635911922805e-07,-3.956752388410716e-08,-84.49985373683008
685,spar,0.18,0.02052590795,0.00027684429999999885,-3.333527915538676e-07,-3.746617101380398e-08,-80.26643414236095
686,spar,0.18,0.02080275225,0.00027684429999999885,-3.095419919154547e-07,-3.5288175377058316e-08,-75.83302101303295
687,spar,0.18,0.02107959655,0.0002768443000000023,-2.857311922770415e-07,-3.303353697387013e-08,-71.19961434884597
688,spar,0.18,0.02135644085,0.00027684429999999885,-2.619203926386286e-07,-3.0702255804239484e-08,-66.36621414980017
689,spar,0.18,0.02163328515,0.00027684429999999885,-2.381095930002157e-07,-2.8294331868166348e-08,-61.33282041589546
690,spar,0.18,0.02191012945,0.0002768443000000023,-2.142987933618025e-07,-2.5809765165650692e-08,-56.09943314713182
691,spar,0.18,0.02218697375,0.00027684429999999885,-1.904879937233896e-07,-2.324855569669258e-08,-50.66605234350934
692,spar,0.18,0.02246381805,0.00027684429999999885,-1.666771940849767e-07,-2.0610703461291976e-08,-45.03267800502797
693,spar,0.18,0.02274066235,0.0002768443000000023,-1.428663944465635e-07,-1.789620845944885e-08,-39.19931013168764
694,spar,0.18,0.0230175066,0.0002768441999999975,-1.1905560340894172e-07,-1.5105071713203152e-08,-33.165950938942515
695,spar,0.18,0.02329435085,0.0002768443000000023,-9.524480377052851e-08,-1.2237291206159474e-08,-26.93259606812483
696,spar,0.18,0.02357119515,0.00027684429999999885,-7.143400413211561e-08,-9.292867932673342e-09,-20.499247662448326
697,spar,0.18,0.02384803945,0.00027684429999999885,-4.762320449370271e-08,-6.271801892744719e-09,-13.865905721912931
698,spar,0.18,0.02412488375,0.0002768443000000023,-2.381240485528951e-08,-3.1740930863735683e-09,-7.032570246518559
699,spar,0.18,0.02440172805,0.00027684429999999885,-1.6052168766108443e-12,2.58486440033693e-13,0.0007587637346215211
