,panel,xm,ym,ds,theta
1,upper,0.17983513699999998,0.02457281895,0.00033613678,2.94596987928975
2,upper,0.179369272,0.024664820900000002,0.0006135885650000001,2.946968856928433
3,upper,0.17876721299999998,0.024783185,0.0006135799549999999,2.9479702906937084
4,upper,0.178165044,0.02490094405,0.0006135714599999999,2.948973191539241
5,upper,0.177562765,0.02501809705,0.0006135630900000002,2.949977878352632
6,upper,0.17696037650000002,0.0251346428,0.0006135548299999998,2.9509843614869786
7,upper,0.176357879,0.02525058015,0.0006135466799999999,2.951992472001199
8,upper,0.175755273,0.025365908,0.0006135386400000003,2.9530022234768514
9,upper,0.1751525585,0.0254806251,0.0006135307299999998,2.9540143879127947
10,upper,0.174549736,0.02559473035,0.0006135229299999998,2.9550274120262268
11,upper,0.173946806,0.02570822255,0.0006135152200000002,2.956043167644154
12,upper,0.173343768,0.025821100450000002,0.0006135076500000001,2.957060549041634
13,upper,0.1727406225,0.02593336295,0.0006135001799999996,2.9580795781588503
14,upper,0.1721373705,0.026045008699999997,0.0006134928099999996,2.959100739816629
15,upper,0.171534012,0.0261560365,0.0006134855599999999,2.960123664641801
16,upper,0.170930547,0.026266445149999998,0.0006134784200000007,2.961148723517617
17,upper,0.17032697600000002,0.0263762333,0.000613471400000001,2.9621757303744864
18,upper,0.1697232995,0.02648539975,0.0006134644999999991,2.963204394941676
19,upper,0.1691195175,0.02659394315,0.0006134576000000006,2.964235777683292
20,upper,0.1685156305,0.026701862200000002,0.0006134508999999996,2.9652683730976013
21,upper,0.167911639,0.02680915565,0.0006134443999999996,2.9663035243550984
22,upper,0.1673075425,0.02691582215,0.0006134377999999999,2.9673407824011866
23,upper,0.16670334199999998,0.0270218603,0.0006134313999999995,2.9683799054521605
24,upper,0.16609903799999998,0.027127268750000003,0.0006134252000000017,2.9694212586968574
25,upper,0.165494631,0.0272320462,0.0006134188999999991,2.970464324409402
26,upper,0.164890121,0.02733619125,0.0006134128999999988,2.971510215411255
27,upper,0.1642855075,0.02743970245,0.000613406900000002,2.9725582585533594
28,upper,0.16368079200000002,0.0275425784,0.0006134011000000009,2.9736078639086205
29,upper,0.1630759745,0.02764481775,0.0006133951999999984,2.9746602847576433
30,upper,0.162471055,0.027746419,0.0006133896,2.9757147547109453
31,upper,0.1618660345,0.0278473807,0.0006133840000000015,2.9767713355498358
32,upper,0.161260913,0.0279477014,0.0006133785999999988,2.9778305086311145
33,upper,0.1606556905,0.0280473796,0.0006133731999999996,2.9788919512421357
34,upper,0.1600503675,0.02814641385,0.0006133679000000017,2.979955560757693
35,upper,0.159444945,0.0282448026,0.0006133627999999995,2.9810215021609614
36,upper,0.158839423,0.02834254435,0.0006133576999999973,2.982089975541679
37,upper,0.1582338015,0.02843963755,0.0006133527,2.983160943061481
38,upper,0.157628081,0.02853608065,0.0006133479000000018,2.9842341813303377
39,upper,0.157022262,0.0286318721,0.000613343199999998,2.9853099184745155
40,upper,0.156416345,0.0287270103,0.0006133384000000033,2.986388088530138
41,upper,0.15581033,0.0288214937,0.0006133338999999988,2.9874688513832903
42,upper,0.1552042175,0.02891532065,0.0006133294000000011,2.9885521184526276
43,upper,0.154598008,0.029008489499999998,0.0006133250999999992,2.989637979503935
44,upper,0.153991702,0.02910099865,0.0006133208000000008,2.9907261882703393
45,upper,0.1533853,0.02919284645,0.0006133165999999968,2.9918171532925317
46,upper,0.152778802,0.0292840312,0.000613312500000001,2.9929108733894285
47,upper,0.15217220850000002,0.02937455125,0.000613308600000001,2.9940069463042516
48,upper,0.15156551950000002,0.02946440485,0.000613304700000001,2.9951063359260996
49,upper,0.150958736,0.0295535903,0.0006133008999999988,2.9962074456232197
50,upper,0.1503518585,0.0296421059,0.0006132972000000014,2.9973121075735842
51,upper,0.1497448865,0.029729949800000002,0.0006132936999999998,2.9984194505780986
52,upper,0.149137821,0.0298171203,0.0006132900999999968,2.999529155897212
53,upper,0.148530663,0.02990361565,0.0006132868000000014,3.000641711766067
54,upper,0.14792341199999998,0.02998943405,0.0006132834999999989,3.0017574812122056
55,upper,0.1473160685,0.03007457365,0.0006132803000000048,3.0028758091357464
56,upper,0.14670863350000002,0.03015903255,0.0006132771999999981,3.003997282147682
57,upper,0.146101107,0.030242809000000002,0.0006132741999999997,3.0051212881761207
58,upper,0.14549348950000002,0.0303259011,0.0006132712999999956,3.006248697439274
59,upper,0.1448857815,0.03040830695,0.0006132685000000068,3.007378644115242
60,upper,0.1442779835,0.0304900247,0.0006132657999999985,3.0085118333213545
61,upper,0.1436700955,0.0305710524,0.0006132631999999985,3.009648102021496
62,upper,0.14306211800000002,0.0306513881,0.0006132606999999998,3.010787397691299
63,upper,0.142454052,0.03073102985,0.0006132583000000025,3.011929562701619
64,upper,0.141845898,0.0308099757,0.0006132560999999939,3.013074971742947
65,upper,0.1412376555,0.03088822365,0.0006132538000000048,3.0142238304236453
66,upper,0.1406293255,0.03096577165,0.0006132516999999976,3.0153754722771358
67,upper,0.140020909,0.0310426177,0.0006132496999999987,3.016530402584703
68,upper,0.1394124055,0.0311187598,0.0006132478000000011,3.0176887361365554
69,upper,0.138803816,0.031194195850000002,0.0006132460999999992,3.0188500720228175
70,upper,0.138195141,0.031268923750000004,0.0006132443000000029,3.0200150131913315
71,upper,0.13758638099999998,0.031342941400000005,0.0006132427999999968,3.0211829646780677
72,upper,0.1369775365,0.0314162467,0.0006132413000000045,3.022354518064021
73,upper,0.13636860750000002,0.031488837500000005,0.0006132398999999997,3.0235294436777727
74,upper,0.13575959450000002,0.0315607116,0.0006132385999999962,3.0247079356697832
75,upper,0.1351504985,0.031631866849999996,0.0006132375000000023,3.025889453777626
76,upper,0.13454132000000002,0.0317023011,0.0006132364000000015,3.0270747286350383
77,upper,0.1339320595,0.03177201205,0.0006132353999999951,3.0282635234437185
78,upper,0.13332271750000002,0.03184099745,0.0006132346999999996,3.0294559093166518
79,upper,0.132713294,0.0319092551,0.0006132339000000028,3.030651841504083
80,upper,0.1321037895,0.0319767827,0.0006132332000000004,3.031851502504196
81,upper,0.13149420499999998,0.03204357795,0.000613232800000002,3.0330545370594137
82,upper,0.1308845415,0.032109638450000005,0.0006132323999999967,3.0342616285301607
83,upper,0.1302747985,0.0321749619,0.0006132319999999983,3.0354722991176657
84,upper,0.12966497700000001,0.032239545950000004,0.0006132320000000052,3.036686668533496
85,upper,0.1290550775,0.032303388200000005,0.0006132317999999956,3.0379049477010547
86,upper,0.12844510050000002,0.0323664862,0.0006132319000000039,3.0391270995722865
87,upper,0.127835047,0.0324288375,0.000613232200000001,3.04035298808214
88,upper,0.1272249165,0.0324904397,0.0006132323999999967,3.041583091117435
89,upper,0.1266147105,0.032551290299999994,0.000613232800000002,3.042816599516608
90,upper,0.12600442950000001,0.03261138675,0.0006132333999999962,3.044054809904116
91,upper,0.12539407349999998,0.03267072655,0.0006132341000000055,3.04529643159319
92,upper,0.12478364349999999,0.03272930715,0.0006132348999999954,3.046542595393447
93,upper,0.12417314,0.0327871259,0.0006132358000000004,3.047792659251177
94,upper,0.123562564,0.032844180249999994,0.0006132367999999999,3.0490467891467237
95,upper,0.1229519155,0.0329004676,0.0006132380000000021,3.050305286028742
96,upper,0.122341195,0.03295598525,0.0006132393999999999,3.051568026209115
97,upper,0.12172604249999999,0.03301091095,0.0006219603000000018,3.053500056311349
98,upper,0.12110352599999999,0.03306514995,0.0006277907999999999,3.055855987766787
99,upper,0.120477975,0.033118253449999996,0.0006278125999999995,3.057953846673507
100,upper,0.119852291,0.033170045100000004,0.0006278351999999959,3.060055889027819
101,upper,0.1192264765,0.033220522,0.000627858600000003,3.0621619918353855
102,upper,0.1186005335,0.033269681149999994,0.0006278828,3.0642727320318444
103,upper,0.1179744635,0.033317519500000004,0.0006279077999999938,3.0663878243071534
104,upper,0.11734826849999999,0.033364034050000005,0.0006279336999999996,3.0685072716815522
105,upper,0.11672194999999999,0.0334092218,0.0006279603000000078,3.0706311899382555
106,upper,0.1160955095,0.033453079649999995,0.0006279877999999933,3.0727597798488575
107,upper,0.1154689495,0.033495604449999994,0.000628016000000009,3.0748927790604457
108,upper,0.11484227150000001,0.033536793100000004,0.0006280449999999937,3.077030508406794
109,upper,0.1142154775,0.033576642500000003,0.0006280748999999974,3.079172552476091
110,upper,0.1135885695,0.03361514945,0.0006281055999999979,3.081319635326857
111,upper,0.11296154850000001,0.0336523107,0.0006281370000000008,3.083471394598408
112,upper,0.112334417,0.03368812305,0.0006281693000000088,3.0856277430664547
113,upper,0.1117071775,0.0337225833,0.0006282022999999914,3.0877887783093514
114,upper,0.1110798315,0.0337556881,0.0006282362000000069,3.0899550608841566
115,upper,0.110452381,0.033787434150000004,0.0006282709000000053,3.092125788544981
116,upper,0.109824828,0.03381781815,0.0006283063999999866,3.094301759190717
117,upper,0.10919717400000001,0.03384683665,0.0006283427000000064,3.0964827326993474
118,upper,0.1085694215,0.0338744863,0.0006283797999999952,3.0986684826032396
119,upper,0.107941573,0.0339007637,0.0006284177000000085,3.100859402770499
120,upper,0.10731363,0.03392566535,0.0006284563999999909,3.10305555497964
121,upper,0.1066855945,0.0339491878,0.0006284959000000118,3.105256654386817
122,upper,0.10605746899999999,0.0339713275,0.000628536299999996,3.1074632428832234
123,upper,0.1054292555,0.0339920809,0.0006285773999999966,3.1096748433273373
124,upper,0.104800956,0.03401144445,0.0006286194000000023,3.1118919324112597
125,upper,0.1041725725,0.03402941445,0.0006286620999999964,3.1141145095943203
126,upper,0.103544107,0.0340459873,0.000628705800000004,3.116342256104026
127,upper,0.1029155625,0.034061159349999995,0.0006287500999999918,3.1185755747759427
128,upper,0.10228694099999999,0.03407492685,0.0006287954000000068,3.120814458941195
129,upper,0.1016582445,0.034087286,0.0006288413999999964,3.123059085901879
130,upper,0.1010294755,0.034098233049999996,0.0006288883000000051,3.125309076148267
131,upper,0.100400636,0.0341077642,0.0006289359999999966,3.1275650084174518
132,upper,0.09977172835,0.03411587555,0.0006289846000000071,3.1298265976982975
133,upper,0.09914275495,0.0341225632,0.0006290337999999979,3.132094135193571
134,upper,0.09851371835,0.03412782315,0.0006290840999999964,3.1343676428098646
135,upper,0.09788462079999999,0.0341316515,0.0006291350999999973,3.1366467958374797
136,upper,0.09725546474999999,0.034134044200000005,0.0006291869000000089,3.13893239174378
137,upper,0.0966262526,0.03413499715,0.0006292396999999922,3.1412237957024782
138,upper,0.0959969868,0.0341345063,0.0006292930999999974,-3.139663821672773
139,upper,0.09536766985,0.0341325675,0.0006293476000000103,-3.137360003431956
140,upper,0.09473830420000001,0.0341291765,0.0006294027999999979,-3.1350495798891096
141,upper,0.0941088924,0.03412432905,0.0006294588999999906,-3.132733023641953
142,upper,0.09347943705,0.034118020900000004,0.0006295159000000022,-3.1304098587562086
143,upper,0.0928499407,0.03411024775,0.0006295736999999968,-3.1280804004132405
144,upper,0.09222040595,0.0341010052,0.0006296324000000103,-3.125744012132884
145,upper,0.09159083544999999,0.03409028875,0.0006296918999999929,-3.1234010078454206
146,upper,0.09096123184999999,0.034078094,0.0006297523000000083,-3.1210513891135543
147,upper,0.0903315978,0.034064416449999996,0.0006298136999999954,-3.1186948345356966
148,upper,0.08970193605,0.03404925145,0.0006298757999999988,-3.116331180411487
149,upper,0.0890722494,0.03403259435,0.000629938999999996,-3.1139605836994324
150,upper,0.08844254055,0.0340144405,0.0006300029000000096,-3.111582893766971
151,upper,0.08781281225000001,0.03399478515,0.0006300678999999892,-3.1091979377183523
152,upper,0.08718306740000001,0.033973623450000004,0.000630133600000013,-3.1068055551141747
153,upper,0.0865533089,0.0339509506,0.0006302002999999945,-3.1044060616667726
154,upper,0.0859235396,0.0339267617,0.0006302680000000033,-3.1019988282164297
155,upper,0.08529376235,0.033901051700000004,0.0006303365999999894,-3.0995840071807237
156,upper,0.08466398015000001,0.033873815599999996,0.000630406,-3.0971615841514684
157,upper,0.08403419605000001,0.0338450483,0.0006304765000000045,-3.0947312474151514
158,upper,0.083404413,0.03381474455,0.0006305479000000003,-3.092292845834058
159,upper,0.082774634,0.033782899150000004,0.0006306202999999955,-3.0898466808157745
160,upper,0.0821448622,0.03374950685,0.0006306936000000096,-3.0873922677180867
161,upper,0.0815151007,0.033714562249999996,0.0006307678999999955,-3.084929622973501
162,upper,0.08088535259999999,0.03367805985,0.0006308431000000003,-3.08245841256421
163,upper,0.08025562115,0.033639994150000005,0.000630920000000007,-3.079978942641974
164,upper,0.0796259096,0.03360035955,0.0006309959999999948,-3.0774905892276783
165,upper,0.07899622115,0.0335591503,0.0006310759999999943,-3.0749935110347577
166,upper,0.07836655905,0.03351636075,0.0006311540000000088,-3.072487856088016
167,upper,0.07773692665,0.033471984999999996,0.0006312349999999939,-3.0699726649780974
168,upper,0.0771073274,0.0334260171,0.0006313160000000068,-3.0674487159261195
169,upper,0.07647776465,0.0333784511,0.0006313989999999908,-3.0649152544145175
170,upper,0.0758482418,0.033329280899999994,0.0006314830000000021,-3.062372549504464
171,upper,0.07521876245,0.033278500249999995,0.0006315669999999995,-3.059819810996672
172,upper,0.07458933005,0.03322610285,0.0006316529999999959,-3.057257710033658
173,upper,0.0739599482,0.03317208235000001,0.0006317400000000056,-3.054685379297842
174,upper,0.07333062055,0.03311643225,0.0006318280000000009,-3.052103202472912
175,upper,0.07270135065,0.033059146,0.0006319169999999957,-3.049510667111457
176,upper,0.0720721423,0.033000216900000004,0.0006320070000000039,-3.046907744658351
177,upper,0.07144299925,0.03293963815,0.0006320999999999966,-3.0442941657731315
178,upper,0.07081392524999999,0.0328774028,0.0006321920000000036,-3.041669729818701
179,upper,0.07018492415,0.03281350385,0.0006322859999999958,-3.039034454166004
180,upper,0.0695559999,0.0327479342,0.0006323810000000013,-3.0363879774961005
181,upper,0.06892715645,0.032680686550000004,0.0006324780000000058,-3.0337300367936977
182,upper,0.06829839775,0.0326117535,0.0006325749999999963,-3.031060584834007
183,upper,0.06766972785,0.03254112755,0.0006326749999999992,-3.028379327373527
184,upper,0.06704115085,0.032468801049999996,0.0006327750000000021,-3.0256860752374792
185,upper,0.06641267095,0.032394766199999994,0.0006328770000000039,-3.0229805173723627
186,upper,0.06578429235,0.0323190151,0.0006329799999999913,-3.0202626576817435
187,upper,0.0651560193,0.03224153965,0.0006330850000000054,-3.017531854283678
188,upper,0.06452785620000001,0.03216233165,0.0006331910000000052,-3.014788385622194
189,upper,0.06389980740000001,0.03208138275,0.0006332979999999905,-3.012031532791184
190,upper,0.0632718773,0.03199868435,0.000633408000000002,-3.0092612211506573
191,upper,0.06264407050000001,0.031914227749999996,0.0006335179999999996,-3.0064771422442607
192,upper,0.0620163916,0.0318280041,0.0006336299999999961,-3.0036791454749556
193,upper,0.0613888452,0.03174000435,0.0006337440000000055,-3.000866769012187
194,upper,0.06076143605,0.031650219300000004,0.0006338590000000005,-2.9980399537394185
195,upper,0.06013416895,0.0315586395,0.0006339759999999944,-2.99519797102947
196,upper,0.05950704875,0.031465255299999995,0.0006340950000000012,-2.992340917092772
197,upper,0.05888008045,0.03137005695,0.0006342160000000069,-2.9894683317333066
198,upper,0.058253268999999996,0.03127303435,0.0006343379999999982,-2.986579625547351
199,upper,0.057626619500000004,0.0311741773,0.0006344620000000023,-2.983675023601803
200,upper,0.057000137199999995,0.03107347535,0.000634586999999992,-2.980753470336208
201,upper,0.05637382735,0.0309709177,0.0006347160000000074,-2.9778149527919924
202,upper,0.0557476953,0.0308664935,0.0006348459999999945,-2.9748593020902674
203,upper,0.05512174645,0.03076019155,0.0006349780000000083,-2.9718855996931843
204,upper,0.0544959864,0.03065200035,0.0006351119999999932,-2.9688937534787434
205,upper,0.0538704208,0.030541908200000002,0.0006352480000000049,-2.9658832379756683
206,upper,0.0532450553,0.0304299031,0.0006353859999999878,-2.9628536783784574
207,upper,0.0526198958,0.03031597275,0.0006355269999999968,-2.9598044156735703
208,upper,0.051994948299999996,0.030200104550000002,0.0006356710000000043,-2.9567351576692618
209,upper,0.05137021875,0.0300822856,0.0006358160000000113,-2.9536453351154965
210,upper,0.05074571335,0.02996250265,0.0006359629999999894,-2.950534329703414
211,upper,0.050121438399999996,0.029840742150000002,0.0006361150000000204,-2.9474018183793658
212,upper,0.0494974003,0.029716990149999997,0.0006362679999999954,-2.9442468727196607
213,upper,0.0488736056,0.0295912323,0.0006364229999999971,-2.9410691470025982
214,upper,0.0482500609,0.02946345395,0.0006365829999999961,-2.9378680824569634
215,upper,0.047626773,0.02933364,0.0006367449999999941,-2.9346427842878633
216,upper,0.0470037489,0.029201774950000002,0.0006369089999999911,-2.9313928464781127
217,upper,0.04638099565,0.0290678429,0.0006370770000000137,-2.928117477747341
218,upper,0.04575852045,0.02893182735,0.0006372490000000064,-2.924815594963042
219,upper,0.0451363308,0.028793711450000002,0.0006374229999999981,-2.921487080240992
220,upper,0.044514434150000004,0.0286534779,0.0006376019999999871,-2.9181307831260175
221,upper,0.043892838200000006,0.028511108700000003,0.0006377830000000029,-2.914745621779175
222,upper,0.04327155095,0.0283665854,0.000637969000000016,-2.9113311815113025
223,upper,0.04265058045,0.028219889050000002,0.0006381579999999998,-2.907886406651224
224,upper,0.042029935000000004,0.02807100005,0.0006383529999999804,-2.9044102893366
225,upper,0.04140962305,0.0279198981,0.0006385500000000155,-2.900901703486681
226,upper,0.04078965325,0.02776656225,0.0006387529999999919,-2.8973597630735357
227,upper,0.0401700346,0.0276109709,0.0006389589999999945,-2.8937832390431093
228,upper,0.03955077625,0.0274531018,0.0006391719999999934,-2.890171401657767
229,upper,0.0389318875,0.02729293185,0.000639389000000018,-2.8865224283448137
230,upper,0.038313378,0.027130437049999998,0.0006396109999999844,-2.882835293064123
231,upper,0.0376952577,0.0269655927,0.0006398380000000037,-2.8791088289648306
232,upper,0.03707753675,0.0267983732,0.0006400720000000193,-2.8753414951003706
233,upper,0.0364602256,0.026628751899999997,0.0006403119999999762,-2.8715316073433086
234,upper,0.03584333505,0.026456701200000002,0.0006405580000000133,-2.8676778989727723
235,upper,0.03522687625,0.02628219255,0.0006408109999999911,-2.863778700267213
236,upper,0.03461086055,0.026105196150000003,0.0006410699999999936,-2.8598319886460732
237,upper,0.03399529975,0.025925681,0.0006413380000000191,-2.8558360503530773
238,upper,0.033380206100000004,0.02574361495,0.0006416119999999859,-2.851789034153872
239,upper,0.032765592100000004,0.02555896455,0.0006418950000000034,-2.847688972237987
240,upper,0.03215147075,0.0253716949,0.0006421870000000163,-2.8435333714925792
241,upper,0.03153785555,0.0251817696,0.0006424879999999966,-2.8393201406301487
242,upper,0.030924760349999997,0.0249891506,0.0006427970000000005,-2.835046509516287
243,upper,0.03031219955,0.02479379825,0.0006431189999999976,-2.8307103834107905
244,upper,0.029700188099999997,0.0245956711,0.0006434499999999899,-2.826308438274219
245,upper,0.029088741549999998,0.02439472565,0.0006437920000000041,-2.82183782706539
246,upper,0.028477876,0.02419091655,0.0006441470000000116,-2.817295915277967
247,upper,0.02786760815,0.0239841961,0.0006445149999999844,-2.8126783802373376
248,upper,0.0272579555,0.02377451425,0.0006448960000000059,-2.8079824481122393
249,upper,0.0266489362,0.023561818550000002,0.0006452919999999918,-2.80320386017724
250,upper,0.0260405692,0.02334605365,0.0006457029999999975,-2.798338295078087
251,upper,0.025432874299999998,0.02312716135,0.0006461320000000215,-2.7933816692228013
252,upper,0.02482587215,0.0229050804,0.000646577999999981,-2.78832916415529
253,upper,0.024219584449999998,0.022679746049999998,0.0006470420000000143,-2.783175272487228
254,upper,0.023614033950000002,0.022451089799999997,0.0006475279999999806,-2.777914562078584
255,upper,0.02300924445,0.0222190393,0.000648035000000019,-2.7725413600875894
256,upper,0.022405241,0.0219835179,0.0006485659999999893,-2.7670488582227852
257,upper,0.02180204995,0.02174444415,0.0006491230000000014,-2.7614300483188345
258,upper,0.02119969915,0.0215017315,0.0006497059999999999,-2.755677217920616
259,upper,0.020598217949999997,0.0212552878,0.0006503210000000093,-2.749782138637495
260,upper,0.01999763745,0.0210050148,0.0006509670000000023,-2.743735616476187
261,upper,0.019397990599999998,0.020750807599999997,0.0006516479999999769,-2.737528020242001
262,upper,0.01879931235,0.020492553849999998,0.0006523690000000137,-2.7311480219113573
263,upper,0.01820163995,0.020230132999999997,0.0006531300000000018,-2.7245838851579527
264,upper,0.01760501305,0.01996341565,0.0006539379999999928,-2.7178227517284435
265,upper,0.01700947405,0.019692262350000003,0.000654796000000013,-2.7108495914999615
266,upper,0.0164150684,0.01941652245,0.0006557090000000043,-2.7036485410525994
267,upper,0.01582184495,0.019136033099999998,0.0006566839999999907,-2.6962020334586034
268,upper,0.01522985625,0.01885061745,0.0006577269999999968,-2.688489652422535
269,upper,0.014639158999999999,0.018560082999999998,0.0006588449999999912,-2.680489673372047
270,upper,0.01404981475,0.018264219800000002,0.0006600479999999964,-2.6721769793444565
271,upper,0.013461890399999999,0.017962797750000002,0.0006613430000000087,-2.663523214391484
272,upper,0.0128754588,0.017655564050000003,0.0006627459999999918,-2.6544972290188245
273,upper,0.01229059985,0.01734223985,0.0006642690000000229,-2.645062200640812
274,upper,0.011707401400000001,0.0170225163,0.0006659259999999834,-2.635177683507683
275,upper,0.01112596045,0.0166960498,0.0006677390000000005,-2.6247956884390558
276,upper,0.01054638465,0.0163624562,0.0006697300000000073,-2.6138622544807553
277,upper,0.009968794175,0.0160213039,0.0006719269999999888,-2.602313578094976
278,upper,0.009393323905,0.015672105,0.0006743620000000117,-2.5900758645555184
279,upper,0.008820126145,0.0153143045,0.0006770759999999987,-2.5770616725969853
280,upper,0.00824937425,0.014947266649999999,0.0006801220000000052,-2.563167673142947
281,upper,0.00768126702,0.014570257449999999,0.0006835609999999992,-2.548269799883082
282,upper,0.00711603448,0.01418242185,0.0006874739999999935,-2.5322181040625096
283,upper,0.0065539455,0.0137827537,0.0006919669999999878,-2.5148288925830453
284,upper,0.00599531799,0.013370055499999998,0.0006971740000000226,-2.495875085318396
285,upper,0.005440532825,0.0129428833,0.0007032770000000022,-2.475071468528064
286,upper,0.004890053415,0.01249946885,0.0007105259999999891,-2.4520533974584
287,upper,0.004344453925,0.01203760725,0.0007192699999999941,-2.4263470389013713
288,upper,0.003804461385,0.011554488750000001,0.000730014000000001,-2.3973214512194985
289,upper,0.0032710212,0.0110464366,0.000743518999999998,-2.364115429122402
290,upper,0.002745404345,0.0105084769,0.0007609870000000185,-2.3255127567303506
291,upper,0.00222939447,0.00993358545,0.0007844309999999743,-2.2797252855892176
292,upper,0.001725643715,0.009311252355,0.000817520000000016,-2.2239786431267667
293,upper,0.0012384354699999998,0.008624396159999999,0.0008677350000000084,-2.1536326372721155
294,upper,0.000775648184,0.007841396015,0.0009533340000000001,-2.059981210251816
295,upper,0.000355814333,0.00688736145,0.0011361949999999787,-1.92275587606523
296,upper,0.0001313772405,0.0051396428,0.002429566000000022,-1.59433550801943
298,lower,0.0006839867315,0.0028589484950000002,0.00242872877,-1.0717301744365069
299,lower,0.001679090715,0.00140672318,0.0011318892099999997,-0.750500747797944
300,lower,0.0024787033550000004,0.0007463772049999999,0.00094668024,-0.6182920630243479
301,lower,0.003235267975,0.0002552609077,0.0008590977300000002,-0.5289106590676739
302,lower,0.003967317055,-0.0001415161863,0.0008071492599999999,-0.46238922430810975
303,lower,0.004682729045,-0.00047557491150000003,0.00077251447,-0.4101787120703915
304,lower,0.00538578733,-0.0007639967615000001,0.0007476674299999996,-0.36773083204033197
305,lower,0.006079144054999999,-0.0010172916290000001,0.0007289131899999995,-0.3323282535139514
306,lower,0.00676458287,-0.00124248363,0.000714216430000001,-0.3022203994232515
307,lower,0.007443374745,-0.0014445467450000002,0.0007023607199999997,-0.27621689949996286
308,lower,0.008116465085,-0.0016271577249999999,0.0006925733499999996,-0.2534740827519354
309,lower,0.00878458092,-0.00179312628,0.000684339400000001,-0.23337434227245246
310,lower,0.009448296415,-0.0019446573200000003,0.0006773024999999992,-0.2154531667948985
311,lower,0.01010807499,-0.0020835191100000003,0.0006712076000000011,-0.1993534219359345
312,lower,0.0107642975,-0.0022111556500000002,0.0006658678999999987,-0.18479524040564874
313,lower,0.0114172819,-0.0023287643650000004,0.0006611433,-0.1715556840608446
314,lower,0.012067297000000001,-0.00243735138,0.0006569260000000004,-0.15945481556569327
315,lower,0.012714572850000001,-0.0025377717799999998,0.000653132800000001,-0.1483451514546378
316,lower,0.0133593083,-0.00263075961,0.0006496973999999996,-0.1381050529541929
317,lower,0.014001676599999999,-0.00271695061,0.0006465670000000007,-0.128632655657642
318,lower,0.0146418301,-0.002796899745,0.0006436987999999984,-0.11984229493102945
319,lower,0.0152799037,-0.0028710949,0.0006410576000000015,-0.11166102425099891
320,lower,0.0159160176,-0.002939967715,0.0006386146999999981,-0.10402655166937645
321,lower,0.0165502794,-0.0030039023050000002,0.0006363454999999997,-0.09688519881335136
322,lower,0.01718278615,-0.003063242285,0.000634230000000003,-0.09019034412204616
323,lower,0.017813625649999998,-0.0031182965149999997,0.0006322507999999977,-0.08390146662525522
324,lower,0.01844287775,-0.003169343855,0.0006303933000000005,-0.07798296323237978
325,lower,0.01907061545,-0.003216637105,0.0006286450000000006,-0.0724035529875351
326,lower,0.019696905549999998,-0.003260406295,0.000626994799999999,-0.06713552690746973
327,lower,0.020321809599999997,-0.0033008614849999998,0.0006254334,-0.06215432186867098
328,lower,0.02094538435,-0.00333819511,0.0006239526000000016,-0.05743798325487221
329,lower,0.021567682300000002,-0.003372583995,0.0006225454000000005,-0.052966920889440855
330,lower,0.022188752300000003,-0.0034041910899999996,0.0006212049999999997,-0.04872348638107942
331,lower,0.022808639800000002,-0.0034331669449999998,0.000619926199999999,-0.04469182281849693
332,lower,0.02342738725,-0.00345965102,0.0006187040000000012,-0.04085761657593501
333,lower,0.0240450343,-0.0034837727950000003,0.0006175338000000002,-0.037207859304355405
334,lower,0.024661618099999998,-0.0035056527400000002,0.0006164118999999989,-0.033730732332004604
335,lower,0.0252771737,-0.003525403195,0.0006153345999999997,-0.030415509651156126
336,lower,0.025891734049999997,-0.00354312912,0.0006142987999999995,-0.02725236006361855
337,lower,0.0265053302,-0.00355892876,0.0006133016000000012,-0.024232307611513668
338,lower,0.0271179915,-0.00357289424,0.0006123406000000005,-0.021347097614267507
339,lower,0.0277297458,-0.0035851121,0.0006114130999999995,-0.018589186326527538
340,lower,0.02834061945,-0.0035956637600000002,0.0006105174999999977,-0.015951573934399617
341,lower,0.0289506375,-0.00360462593,0.0006096512999999998,-0.013427815512171528
342,lower,0.02955982385,-0.00361207101,0.0006088132000000024,-0.011012007214576531
343,lower,0.03016820115,-0.00361806741,0.0006080014000000022,-0.008698577909028594
344,lower,0.030775791099999998,-0.00362267986,0.0006072142999999988,-0.006482467871277931
345,lower,0.0313826144,-0.0036259697,0.0006064506999999969,-0.004358916732644828
346,lower,0.0319886908,-0.0036279951099999997,0.0006057094000000013,-0.002323492395838269
347,lower,0.03259403925,-0.00362881135,0.0006049892000000029,-0.000372105860435621
348,lower,0.033198677950000005,-0.00362847097,0.000604288999999994,0.001499084661110628
349,lower,0.033802624350000005,-0.003627023985,0.0006036077000000015,0.0032936845414909236
350,lower,0.034405895150000004,-0.00362451805,0.0006029447000000035,0.005015041618693266
351,lower,0.0350085065,-0.00362099863,0.0006022990000000006,0.006666273482994873
352,lower,0.0356104739,-0.00361650913,0.0006016696999999946,0.008250368104952116
353,lower,0.03621181225,-0.0036110910249999998,0.0006010562000000053,0.009770074005343545
354,lower,0.03681253605,-0.0036047839950000002,0.0006004578999999968,0.011227983024748239
355,lower,0.037412659200000004,-0.003597626035,0.0005998740000000002,0.012626536624530586
356,lower,0.03801219505,-0.00358965354,0.0005993040000000019,0.013968090852395885
357,lower,0.038611156650000006,-0.00358090141,0.000598747400000002,0.015254771502423848
358,lower,0.0392095566,-0.0035714031549999997,0.0005982034999999983,0.016488630817634655
359,lower,0.039807407,-0.0035611909549999998,0.0005976718999999991,0.017671634482503636
360,lower,0.0404047197,-0.003550295735,0.000597152400000002,0.01880560491447544
361,lower,0.041001506150000006,-0.00353874725,0.0005966440999999947,0.0198922638669015
362,lower,0.041597777350000004,-0.003526574145,0.0005961470000000052,0.020933265186370106
363,lower,0.04219354415,-0.003513804005,0.0005956604999999976,0.021930170577588125
364,lower,0.04278881705,-0.003500463415,0.000595184399999997,0.02288447099158377
365,lower,0.0433836062,-0.003486578025,0.0005947181000000024,0.023797532961997846
366,lower,0.0439779215,-0.00347217259,0.0005942617000000011,0.02467072788882187
367,lower,0.04457177255,-0.00345727101,0.0005938143999999965,0.02550531134200871
368,lower,0.04516516875,-0.00344189638,0.000593376400000005,0.02630249703544516
369,lower,0.04575811925,-0.003426071035,0.0005929469999999964,0.02706341031117661
370,lower,0.046350633,-0.0034098165750000003,0.0005925264000000013,0.027789192135380014
371,lower,0.04694271865,-0.00339315391,0.000592113800000002,0.028480840770276416
372,lower,0.0475343847,-0.00337610329,0.0005917095999999969,0.029139395621909
373,lower,0.04812563945,-0.0033586843349999998,0.000591313000000003,0.029765772070084844
374,lower,0.048716490900000006,-0.003340916065,0.0005909241999999953,0.030360929939246405
375,lower,0.049306947000000004,-0.00332281693,0.0005905428000000032,0.03092567001324592
376,lower,0.04989701555,-0.0033044048299999997,0.0005901685999999962,0.031460904838207286
377,lower,0.05048670405,-0.0032856971349999996,0.0005898017000000033,0.03196739360847008
378,lower,0.0510760198,-0.003266710735,0.0005894415000000028,0.03244587884611906
379,lower,0.05166497015,-0.003247462035,0.0005890881999999972,0.03289711824992179
380,lower,0.0522535622,-0.00322796698,0.0005887414000000021,0.03332181072418303
381,lower,0.052841802800000004,-0.003208241075,0.0005884010999999967,0.03372065420482295
382,lower,0.053429698750000004,-0.00318829941,0.000588067099999999,0.034094248099127235
383,lower,0.05401725675,-0.003168156675,0.0005877393000000009,0.0344432516229955
384,lower,0.05460448335,-0.003147827175,0.0005874174999999995,0.034768225698590956
385,lower,0.055191384950000005,-0.003127324845,0.0005871016000000007,0.035069784807815876
386,lower,0.0557779678,-0.003106663265,0.0005867916000000042,0.0353484450339272
387,lower,0.05636423805,-0.00308585567,0.0005864871999999993,0.03560478639566297
388,lower,0.0569502018,-0.003064914975,0.0005861883999999998,0.0358392391047261
389,lower,0.05753586495,-0.00304385378,0.0005858950999999973,0.03605238934700639
390,lower,0.058121233349999996,-0.0030226843699999997,0.0005856071000000032,0.03624465381156321
391,lower,0.05870631275,-0.0030014187549999996,0.0005853243999999966,0.036416492996099226
392,lower,0.0592911088,-0.002980068665,0.0005850469000000039,0.0365683447516048
393,lower,0.05987562705,-0.0029586455499999997,0.000584774499999996,0.03670067383235735
394,lower,0.0604598729,-0.002937160595,0.0005845070000000049,0.03681387697136529
395,lower,0.06104385175,-0.00291562475,0.0005842445999999918,0.03690830129751768
396,lower,0.06162756885,-0.002894048725,0.0005839868000000054,0.03698438297326954
397,lower,0.06221102935,-0.002872442985,0.0005837340000000024,0.03704248326192095
398,lower,0.06279423840000001,-0.00285081777,0.0005834856999999971,0.03708296048152237
399,lower,0.063377201,-0.00282918311,0.0005832422000000004,0.03710614654659355
400,lower,0.06395992210000001,-0.0028075488249999997,0.0005830029999999986,0.03711238996878333
401,lower,0.06454240659999999,-0.00278592453,0.0005827684999999971,0.03710200828700297
402,lower,0.0651246593,-0.00276431965,0.0005825382000000101,0.03707530758889183
403,lower,0.0657066849,-0.00274274342,0.0005823124999999874,0.037032607916226985
404,lower,0.066288488,-0.002721204885,0.0005820908000000041,0.03697421776786596
405,lower,0.06687007325,-0.002699712915,0.0005818736000000047,0.0369003889475105
406,lower,0.06745144515,-0.0026782762200000003,0.0005816604000000031,0.036811406020122735
407,lower,0.06803260815,-0.002656903335,0.0005814513999999882,0.03670756175380556
408,lower,0.0686135667,-0.002635602635,0.0005812463999999989,0.03658908480835713
409,lower,0.06919432510000001,-0.002614382345,0.000581045500000002,0.036456254526331604
410,lower,0.0697748876,-0.00259325054,0.0005808484000000003,0.036309288672103784
411,lower,0.07035525840000001,-0.002572215145,0.0005806554000000047,0.03614846840922142
412,lower,0.07093544175,-0.00255128394,0.0005804662000000044,0.035973983571947234
413,lower,0.0715154417,-0.002530464575,0.0005802807999999993,0.03578609637559308
414,lower,0.07209526225,-0.0025097645699999997,0.000580099099999995,0.03558497959834394
415,lower,0.0726749075,-0.002489191315,0.0005799213000000081,0.03537087837659084
416,lower,0.07325438135000001,-0.00246875207,0.0005797470999999998,0.03514400390404875
417,lower,0.07383368765000001,-0.00244845397,0.0005795765999999924,0.03490456698924534
418,lower,0.0744128303,-0.0024283040450000003,0.0005794095999999971,0.03465269907922128
419,lower,0.07499181315,-0.00240830921,0.0005792463000000025,0.03438865896917718
420,lower,0.07557063985,-0.002388476255,0.0005790865000000062,0.03411263152603792
421,lower,0.0761493141,-0.00236881187,0.0005789301999999941,0.03382476079593238
422,lower,0.07672783964999999,-0.002349322645,0.0005787772999999996,0.033525232769134744
423,lower,0.07730622009999999,-0.0023300150649999997,0.0005786279000000033,0.03321423350850081
424,lower,0.07788445899999999,-0.00231089551,0.0005784818999999969,0.03289193810189518
425,lower,0.07846255985,-0.00229197027,0.0005783391999999998,0.03255848181124023
426,lower,0.07904052615000001,-0.00227324554,0.0005781999000000065,0.03221405229342788
427,lower,0.07961836135,-0.00225472742,0.0005780638000000005,0.03185879142688448
428,lower,0.0801960689,-0.00223642193,0.0005779311999999925,0.031492830468854274
429,lower,0.08077365215,-0.00221833499,0.0005778015999999969,0.03111639217074506
430,lower,0.08135111440000001,-0.0022004724449999997,0.0005776753000000107,0.030729516753798033
431,lower,0.08192845900000001,-0.00218284006,0.0005775521999999977,0.030332434190725455
432,lower,0.08250568915,-0.00216544351,0.0005774322999999998,0.029925241441678022
433,lower,0.08308280805,-0.0021482884,0.0005773154999999947,0.02950808413687756
434,lower,0.08365981894999999,-0.002131380255,0.0005772017000000018,0.02908108942676622
435,lower,0.084236725,-0.0021147245299999997,0.0005770910999999962,0.02864438460851039
436,lower,0.0848135293,-0.002098326605,0.0005769835999999973,0.028198109541821434
437,lower,0.0853902349,-0.00208219179,0.0005768790000000024,0.027742374667151605
438,lower,0.08596684485,-0.002066325325,0.0005767774000000059,0.02727731570747192
439,lower,0.08654336215,-0.0020507323799999998,0.0005766789000000022,0.02680304839217274
440,lower,0.0871197898,-0.00203541807,0.0005765833000000026,0.026319652579076497
441,lower,0.0876961308,-0.002020387435,0.0005764906999999875,0.025827313775922595
442,lower,0.08827238805,-0.002005645455,0.0005764009000000098,0.02532606969221639
443,lower,0.0888485644,-0.0019911970550000003,0.0005763139999999944,0.024816084075906686
444,lower,0.08942466269999999,-0.00197704709,0.0005762301999999997,0.024297442874030364
445,lower,0.09000068585,-0.001963200365,0.000576148999999998,0.023770236849115275
446,lower,0.0905766366,-0.0019496616300000002,0.0005760707000000004,0.023234586549353863
447,lower,0.09115251769999999,-0.0019364355700000001,0.0005759951999999985,0.022690605457989805
448,lower,0.09172833194999999,-0.00192352682,0.0005759226000000006,0.022138358302160394
449,lower,0.092304082,-0.00191093996,0.0005758527000000041,0.021577992397464014
450,lower,0.09287977054999999,-0.001898679525,0.0005757856000000033,0.021009522502386017
451,lower,0.09345540029999999,-0.001886749995,0.0005757212000000039,0.02043313491485294
452,lower,0.0940309739,-0.0018751557950000002,0.000575659499999992,0.019848848813773697
453,lower,0.0946064939,-0.001863901305,0.0005756006000000036,0.019256819007776163
454,lower,0.09518196285,-0.0018529908550000002,0.0005755442999999943,0.018657075689871846
455,lower,0.0957573834,-0.0018424287400000002,0.0005754907000000004,0.018049715217963613
456,lower,0.09633275805,-0.001832219195,0.0005754396999999994,0.017434871584883098
457,lower,0.09690808925,-0.0018223664099999998,0.0005753915000000082,0.01681258255224574
458,lower,0.0974833795,-0.00181287454,0.0005753454999999907,0.016182941496959223
459,lower,0.0980586313,-0.001803747695,0.0005753029999999992,0.015546024670807488
460,lower,0.09863384705,-0.00179498994,0.0005752620000000069,0.01490193113363573
461,lower,0.09920902915,-0.0017866053,0.0005752239999999992,0.014250714614660525
462,lower,0.09978418005,-0.001778597755,0.0005751890000000037,0.013592489218522241
463,lower,0.10035930200000001,-0.00177097125,0.0005751569999999928,0.012927286404241496
464,lower,0.1009343975,-0.001763729695,0.0005751250000000097,0.012255199935942861
465,lower,0.1015094685,-0.00175687695,0.0005750989999999956,0.011576347136824304
466,lower,0.1020845175,-0.001750416845,0.0005750729999999954,0.010890708963656402
467,lower,0.1026595475,-0.0017443531749999999,0.0005750500000000075,0.01019842176253818
468,lower,0.10323455949999999,-0.0017386896950000001,0.0005750299999999903,0.009499577715100887
469,lower,0.103809556,-0.0017334301250000001,0.0005750119999999997,0.008794169711137261
470,lower,0.10438454,-0.00172857815,0.0005749970000000076,0.008082324553405662
471,lower,0.10495951349999999,-0.00172413742,0.0005749830000000011,0.007364089993988381
472,lower,0.10553447799999999,-0.0017201115549999998,0.000574973999999992,0.006639546930280985
473,lower,0.106109436,-0.001716504145,0.0005749650000000106,0.005908713820698798
474,lower,0.10668438999999999,-0.001713318735,0.0005749599999999994,0.005171742143749018
475,lower,0.1072593415,-0.0017105588400000002,0.0005749559999999876,0.004428626706631427
476,lower,0.1078342925,-0.0017082279600000002,0.0005749560000000015,0.003679427383053493
477,lower,0.1084092455,-0.0017063295499999999,0.0005749570000000009,0.0029242553026309287
478,lower,0.10898420249999999,-0.00170486703,0.0005749609999999988,0.002163142172110277
479,lower,0.1095591655,-0.00170384381,0.0005749670000000096,0.0013961140003922825
480,lower,0.11013413650000001,-0.001703263255,0.0005749759999999909,0.0006233139764094628
481,lower,0.1107091175,-0.0017031286950000002,0.0005749859999999996,-0.00015525568279410303
482,lower,0.1112841105,-0.0017034434500000002,0.0005750000000000061,-0.0009395491836226462
483,lower,0.11185911700000001,-0.001704210805,0.0005750149999999982,-0.001729469210300927
484,lower,0.1124341395,-0.00170543401,0.0005750330000000026,-0.0025249715483049557
485,lower,0.11300918,-0.001707116295,0.0005750519999999926,-0.003326011559456622
486,lower,0.11358424,-0.001709260865,0.0005750760000000077,-0.004132534250495483
487,lower,0.1141593215,-0.001711870895,0.0005750989999999956,-0.004944464333914435
488,lower,0.11473442649999999,-0.00171494953,0.0005751270000000086,-0.005761755139370906
489,lower,0.1153095565,-0.0017184999,0.0005751549999999939,-0.006584389051292113
490,lower,0.1158847135,-0.001722525105,0.0005751870000000048,-0.007412251175296038
491,lower,0.1164598995,-0.001727028215,0.0005752210000000008,-0.008245330794490366
492,lower,0.11703511650000001,-0.001732012285,0.0005752559999999962,-0.00908356489242063
493,lower,0.11761036550000001,-0.00173748034,0.000575294000000004,-0.009926924827201937
494,lower,0.1181856485,-0.00174343538,0.0005753339999999968,-0.010775298620056311
495,lower,0.118760968,-0.0017498803849999999,0.0005753770000000019,-0.011628692019873526
496,lower,0.119336325,-0.00175681831,0.0005754209999999926,-0.012487045942745434
497,lower,0.119914624,-0.00176438538,0.0005812760000000056,-0.013675539554425626
498,lower,0.12050021650000001,-0.001772619275,0.000590024999999994,-0.014438495332802623
499,lower,0.1210901945,-0.00178115359,0.0005900540000000065,-0.014490445782099024
500,lower,0.121680202,-0.0017897203249999999,0.0005900849999999902,-0.014546922866838178
501,lower,0.1222702395,-0.0017983221300000001,0.0005901160000000016,-0.014607818035710249
502,lower,0.122860308,-0.0018069616400000002,0.0005901479999999987,-0.014673162731337107
503,lower,0.123450408,-0.0018156414600000001,0.0005901799999999957,-0.01474284653615003
504,lower,0.12404054,-0.001824364165,0.0005902130000000061,-0.01481687652486694
505,lower,0.1246307045,-0.00183313232,0.0005902460000000165,-0.014895209786244376
506,lower,0.1252209025,-0.00184194846,0.0005902809999999981,-0.014977760473383976
507,lower,0.1258111345,-0.00185081509,0.0005903159999999796,-0.01506453598585433
508,lower,0.12640140049999998,-0.0018597346999999998,0.0005903510000000167,-0.015155501684950612
509,lower,0.126991701,-0.0018687097500000001,0.0005903869999999978,-0.015250563235578466
510,lower,0.12758203699999998,-0.0018777426749999999,0.0005904240000000061,-0.015349702453897305
511,lower,0.1281724095,-0.0018868358899999998,0.0005904599999999871,-0.015452867249451498
512,lower,0.1287628185,-0.001895991795,0.0005904989999999943,-0.015560108999920358
513,lower,0.129353264,-0.0019052127649999999,0.0005905370000000021,-0.015671289729829212
514,lower,0.129943747,-0.00191450114,0.0005905760000000093,-0.01578637422900357
515,lower,0.1305342685,-0.0019238592549999998,0.0005906149999999888,-0.015905378043021487
516,lower,0.1311248285,-0.001933289415,0.0005906549999999955,-0.016028235516469782
517,lower,0.13171542749999998,-0.0019427939,0.0005906960000000017,-0.01615489829091485
518,lower,0.13230606649999999,-0.00195237498,0.0005907370000000078,-0.016285351686180734
519,lower,0.13289674550000002,-0.001962034895,0.0005907790000000135,-0.016419561030464845
520,lower,0.133487465,-0.001971775865,0.0005908209999999914,-0.016557463636496468
521,lower,0.13407822549999998,-0.001981600095,0.000590862999999997,-0.016699069318100744
522,lower,0.13466902749999998,-0.00199150977,0.0005909070000000016,-0.016844297979366516
523,lower,0.135259872,-0.0020015070500000003,0.0005909510000000062,-0.01699311421226541
524,lower,0.135850759,-0.0020115940750000004,0.0005909959999999825,-0.01714554060057241
525,lower,0.13644168899999998,-0.0020217729700000003,0.0005910400000000149,-0.01730147235307509
526,lower,0.137032663,-0.0020320458350000003,0.0005910859999999907,-0.01746089845556549
527,lower,0.137623681,-0.0020424147550000002,0.0005911309999999947,-0.01762383497530239
528,lower,0.138214743,-0.002052881795,0.0005911779999999978,-0.01779019649570014
529,lower,0.13880585,-0.002063449,0.0005912260000000003,-0.017959938341430268
530,lower,0.13939700300000002,-0.0020741184,0.0005912720000000038,-0.01813305162188692
531,lower,0.13998820150000002,-0.0020848919999999996,0.0005913210000000058,-0.0183095495299176
532,lower,0.140579446,-0.0020957717949999996,0.0005913690000000082,-0.018489321413587622
533,lower,0.1411707375,-0.0021067597549999997,0.0005914179999999825,-0.01867236010968351
534,lower,0.1417620765,-0.00211785783,0.0005914680000000117,-0.018858632877448444
535,lower,0.1423534635,-0.002129067965,0.0005915180000000131,-0.019048153201062634
536,lower,0.142944898,-0.0021403920749999998,0.0005915679999999868,-0.01924086822365345
537,lower,0.143536381,-0.00215183206,0.0005916199999999872,-0.019436680469099615
538,lower,0.14412791349999998,-0.0021633898049999998,0.0005916700000000163,-0.019635634335211774
539,lower,0.14471949499999998,-0.002175067175,0.0005917229999999885,-0.01983771333412094
540,lower,0.145311126,-0.0021868660250000003,0.0005917750000000166,-0.020042832046004724
541,lower,0.1459028075,-0.0021987881900000002,0.0005918289999999882,-0.02025097167470817
542,lower,0.14649454,-0.0022108354800000002,0.0005918810000000163,-0.020462097291475606
543,lower,0.1470863235,-0.002223009695,0.0005919359999999874,-0.020676241808276277
544,lower,0.147678158,-0.00223531262,0.0005919889999999872,-0.020893319902209523
545,lower,0.1482700445,-0.00224774602,0.0005920450000000133,-0.02111327628332635
546,lower,0.14886198350000002,-0.0022603116449999997,0.0005921000000000121,-0.021336148402467836
547,lower,0.14945397500000002,-0.00227301123,0.0005921559999999826,-0.021561880579150795
548,lower,0.15004602,-0.0022858465,0.0005922120000000086,-0.021790420149397687
549,lower,0.150638118,-0.0022988191550000004,0.0005922680000000069,-0.022021842856308114
550,lower,0.15123026950000001,-0.0023119308749999998,0.0005923259999999764,-0.022255928559784765
551,lower,0.15182247599999998,-0.0023251833349999997,0.0005923830000000019,-0.02249280362784329
552,lower,0.152414737,-0.002338578195,0.0005924409999999991,-0.022732438035131877
553,lower,0.153007053,-0.002352117095,0.0005925000000000236,-0.022974715804704886
554,lower,0.1535994245,-0.00236580166,0.0005925589999999925,-0.023219700547367772
555,lower,0.154191851,-0.002379633495,0.0005926179999999892,-0.023467336162004505
556,lower,0.154784334,-0.0023936141999999997,0.0005926780000000131,-0.023717501745493745
557,lower,0.155376874,-0.0024077453599999996,0.0005927379999999816,-0.023970344215100307
558,lower,0.15596947,-0.00242202853,0.000592799000000005,-0.024225732923166318
559,lower,0.15656212349999998,-0.002436465265,0.0005928600000000006,-0.0244835937264631
560,lower,0.157154835,-0.00245105711,0.0005929219999999957,-0.024744046180516586
561,lower,0.15774760399999999,-0.00246580558,0.0005929830000000191,-0.0250069486774306
562,lower,0.1583404315,-0.0024807121799999996,0.000593045999999986,-0.025272282177558992
563,lower,0.1589333175,-0.0024957784050000003,0.0005931090000000083,-0.02554011373542646
564,lower,0.15952626250000002,-0.0025110057350000003,0.0005931720000000029,-0.02581027960256984
565,lower,0.160119267,-0.002526395635,0.000593235999999997,-0.026082891234329556
566,lower,0.16071233099999999,-0.002541949555,0.0005932999999999911,-0.026357826594405803
567,lower,0.161305455,-0.002557668935,0.0005933650000000124,-0.026635128326702798
568,lower,0.1618986395,-0.0025735552,0.0005934290000000064,-0.02691469968049594
569,lower,0.1624918845,-0.002589609755,0.0005934959999999989,-0.02719661318943416
570,lower,0.16308519049999998,-0.002605833995,0.000593559999999993,-0.027480713696448184
571,lower,0.16367855850000002,-0.00262222931,0.0005936279999999849,-0.02776709103240927
572,lower,0.164271988,-0.002638797065,0.0005936930000000062,-0.028055707391857386
573,lower,0.16486547899999998,-0.00265553861,0.0005937609999999982,-0.0283465015867969
574,lower,0.1654590325,-0.0026724552900000004,0.0005938290000000179,-0.02863942080829508
575,lower,0.166052649,-0.00268954844,0.0005938959999999827,-0.028934528285038917
576,lower,0.166646328,-0.002706819375,0.0005939650000000019,-0.029231788219333955
577,lower,0.1672400705,-0.00272426939,0.0005940329999999938,-0.029531019276542465
578,lower,0.16783387700000002,-0.0027418997800000003,0.000594102000000013,-0.029832450322916447
579,lower,0.16842774700000002,-0.002759711825,0.0005941720000000039,-0.030135897748378243
580,lower,0.16902168150000002,-0.002777706785,0.0005942419999999948,-0.030441325559937487
581,lower,0.1696156805,-0.002795885915,0.0005943129999999852,-0.030748851674820585
582,lower,0.17020974449999998,-0.00281425045,0.0005943830000000039,-0.031058235974397386
583,lower,0.17080387349999998,-0.002832801615,0.000594454000000022,-0.03136973603554365
584,lower,0.17139806800000001,-0.00285154063,0.0005945259999999841,-0.03168302047293987
585,lower,0.1719923285,-0.0028704686950000004,0.0005945970000000023,-0.03199835279699203
586,lower,0.172586655,-0.0028895869950000003,0.0005946709999999911,-0.032315467577687426
587,lower,0.173181048,-0.002908896705,0.0005947420000000092,-0.03263454222634284
588,lower,0.17377550749999998,-0.002928398995,0.000594815999999998,-0.03295543311624054
589,lower,0.174370034,-0.002948095015,0.0005948900000000146,-0.03327816015968393
590,lower,0.1749646275,-0.0029679859,0.0005949629999999761,-0.03360270575020355
591,lower,0.175559289,-0.00298807278,0.0005950380000000199,-0.033928955065723757
592,lower,0.1761540185,-0.003008356775,0.000595111999999981,-0.03425710066009283
593,lower,0.176748816,-0.0030288389900000002,0.0005951880000000243,-0.034586895811517734
594,lower,0.177343682,-0.00304952051,0.0005952629999999848,-0.03491846201113323
595,lower,0.1779386165,-0.0030704024150000004,0.0005953390000000003,-0.03525171529723491
596,lower,0.17853362,-0.00309148578,0.0005954150000000158,-0.03558666260954886
597,lower,0.179128693,-0.0031127716600000003,0.0005954919999999753,-0.035923226065630594
598,lower,0.17971312350000002,-0.00313387248,0.0005741310000000055,-0.03626145112704777
600,spar,0.18,-0.0030058574499999997,0.000276844298,1.5707963267948966
601,spar,0.18,-0.00272901315,0.000276844299,1.5707963267948966
602,spar,0.18,-0.0024521688500000003,0.00027684429800000005,1.5707963267948966
603,spar,0.18,-0.002175324555,0.00027684429499999995,1.5707963267948966
604,spar,0.18,-0.00189848026,0.00027684429999999993,1.5707963267948966
605,spar,0.18,-0.00162163596,0.00027684430000000015,1.5707963267948966
606,spar,0.18,-0.00134479166,0.00027684429999999993,1.5707963267948966
607,spar,0.18,-0.0010679473615,0.00027684429999999993,1.5707963267948966
608,spar,0.18,-0.0007911030635,0.00027684430000000015,1.5707963267948966
609,spar,0.18,-0.0005142587650000001,0.00027684428999999976,1.5707963267948966
610,spar,0.18,-0.0002374144667,0.00027684430000000015,1.5707963267948966
611,spar,0.18,3.9429831800000004e-05,0.00027684430000000015,1.5707963267948966
612,spar,0.18,0.00031627413,0.0002768442999999997,1.5707963267948966
613,spar,0.18,0.0005931184285,0.00027684430000000015,1.5707963267948966
614,spar,0.18,0.000869962729,0.00027684430000000015,1.5707963267948966
615,spar,0.18,0.001146807025,0.00027684428999999976,1.5707963267948966
616,spar,0.18,0.00142365132,0.0002768442999999997,1.5707963267948966
617,spar,0.18,0.00170049562,0.0002768443000000006,1.5707963267948966
618,spar,0.18,0.00197733992,0.0002768442999999997,1.5707963267948966
619,spar,0.18,0.00225418422,0.0002768442999999997,1.5707963267948966
620,spar,0.18,0.00253102852,0.0002768443000000006,1.5707963267948966
621,spar,0.18,0.0028078728199999996,0.00027684428999999976,1.5707963267948966
622,spar,0.18,0.003084717115,0.0002768442999999997,1.5707963267948966
623,spar,0.18,0.00336156141,0.0002768443000000006,1.5707963267948966
624,spar,0.18,0.0036384057099999997,0.0002768442999999997,1.5707963267948966
625,spar,0.18,0.003915250009999999,0.0002768442999999997,1.5707963267948966
626,spar,0.18,0.00419209431,0.0002768443000000006,1.5707963267948966
627,spar,0.18,0.004468938610000001,0.0002768442999999997,1.5707963267948966
628,spar,0.18,0.004745782905,0.0002768442900000006,1.5707963267948966
629,spar,0.18,0.0050226272,0.00027684429999999885,1.5707963267948966
630,spar,0.18,0.0052994715,0.0002768443000000006,1.5707963267948966
631,spar,0.18,0.0055763158,0.0002768443000000006,1.5707963267948966
632,spar,0.18,0.0058531601,0.00027684429999999885,1.5707963267948966
633,spar,0.18,0.0061300044,0.0002768443000000006,1.5707963267948966
634,spar,0.18,0.006406848695,0.00027684428999999976,1.5707963267948966
635,spar,0.18,0.00668369299,0.0002768443000000006,1.5707963267948966
636,spar,0.18,0.006960537290000001,0.000276844259999999,1.5707963267948966
637,spar,0.18,0.00723738159,0.0002768443000000006,1.5707963267948966
638,spar,0.18,0.00751422589,0.0002768443000000006,1.5707963267948966
639,spar,0.18,0.00779107019,0.00027684429999999885,1.5707963267948966
640,spar,0.18,0.008067914485000001,0.0002768443000000006,1.5707963267948966
641,spar,0.18,0.00834475878,0.0002768443000000006,1.5707963267948966
642,spar,0.18,0.00862160308,0.00027684429999999885,1.5707963267948966
643,spar,0.18,0.00889844738,0.0002768443000000006,1.5707963267948966
644,spar,0.18,0.00917529168,0.0002768443000000006,1.5707963267948966
645,spar,0.18,0.00945213598,0.00027684429999999885,1.5707963267948966
646,spar,0.18,0.00972898028,0.0002768443000000006,1.5707963267948966
647,spar,0.18,0.010005824565,0.0002768443000000006,1.5707963267948966
648,spar,0.18,0.01028266885,0.00027684429999999885,1.5707963267948966
649,spar,0.18,0.01055951315,0.0002768443000000006,1.5707963267948966
650,spar,0.18,0.01083635745,0.0002768443000000006,1.5707963267948966
651,spar,0.18,0.01111320175,0.00027684429999999885,1.5707963267948966
652,spar,0.18,0.01139004605,0.0002768443000000006,1.5707963267948966
653,spar,0.18,0.01166689035,0.0002768443000000006,1.5707963267948966
654,spar,0.18,0.01194373465,0.00027684429999999885,1.5707963267948966
655,spar,0.18,0.01222057895,0.0002768443000000006,1.5707963267948966
656,spar,0.18,0.01249742325,0.00027684429999999885,1.5707963267948966
657,spar,0.18,0.01277426755,0.0002768443000000023,1.5707963267948966
658,spar,0.18,0.01305111185,0.00027684429999999885,1.5707963267948966
659,spar,0.18,0.01332795615,0.00027684429999999885,1.5707963267948966
660,spar,0.18,0.01360480045,0.0002768443000000023,1.5707963267948966
661,spar,0.18,0.01388164475,0.00027684429999999885,1.5707963267948966
662,spar,0.18,0.01415848905,0.00027684429999999885,1.5707963267948966
663,spar,0.18,0.01443533335,0.0002768443000000023,1.5707963267948966
664,spar,0.18,0.01471217765,0.00027684429999999885,1.5707963267948966
665,spar,0.18,0.01498902195,0.00027684429999999885,1.5707963267948966
666,spar,0.18,0.01526586625,0.0002768443000000023,1.5707963267948966
667,spar,0.18,0.01554271055,0.00027684429999999885,1.5707963267948966
668,spar,0.18,0.01581955485,0.00027684429999999885,1.5707963267948966
669,spar,0.18,0.016096399150000003,0.0002768443000000023,1.5707963267948966
670,spar,0.18,0.016373243449999998,0.00027684429999999885,1.5707963267948966
671,spar,0.18,0.01665008775,0.00027684429999999885,1.5707963267948966
672,spar,0.18,0.016926932050000003,0.0002768443000000023,1.5707963267948966
673,spar,0.18,0.017203776349999998,0.00027684429999999885,1.5707963267948966
674,spar,0.18,0.01748062065,0.00027684429999999885,1.5707963267948966
675,spar,0.18,0.017757464950000003,0.0002768443000000023,1.5707963267948966
676,spar,0.18,0.018034309249999998,0.00027684429999999885,1.5707963267948966
677,spar,0.18,0.01831115355,0.00027684429999999885,1.5707963267948966
678,spar,0.18,0.018587997850000003,0.0002768443000000023,1.5707963267948966
679,spar,0.18,0.018864842149999998,0.00027684429999999885,1.5707963267948966
680,spar,0.18,0.01914168645,0.00027684429999999885,1.5707963267948966
681,spar,0.18,0.019418530750000003,0.0002768443000000023,1.5707963267948966
682,spar,0.18,0.01969537505,0.00027684429999999885,1.5707963267948966
683,spar,0.18,0.01997221935,0.00027684429999999885,1.5707963267948966
684,spar,0.18,0.02024906365,0.0002768443000000023,1.5707963267948966
685,spar,0.18,0.02052590795,0.00027684429999999885,1.5707963267948966
686,spar,0.18,0.02080275225,0.00027684429999999885,1.5707963267948966
687,spar,0.18,0.02107959655,0.0002768443000000023,1.5707963267948966
688,spar,0.18,0.02135644085,0.00027684429999999885,1.5707963267948966
689,spar,0.18,0.02163328515,0.00027684429999999885,1.5707963267948966
690,spar,0.18,0.02191012945,0.0002768443000000023,1.5707963267948966
691,spar,0.18,0.02218697375,0.00027684429999999885,1.5707963267948966
692,spar,0.18,0.02246381805,0.00027684429999999885,1.5707963267948966
693,spar,0.18,0.02274066235,0.0002768443000000023,1.5707963267948966
694,spar,0.18,0.0230175066,0.0002768441999999975,1.5707963267948966
695,spar,0.18,0.02329435085,0.0002768443000000023,1.5707963267948966
696,spar,0.18,0.02357119515,0.00027684429999999885,1.5707963267948966
697,spar,0.18,0.02384803945,0.00027684429999999885,1.5707963267948966
698,spar,0.18,0.02412488375,0.0002768443000000023,1.5707963267948966
699,spar,0.18,0.02440172805,0.00027684429999999885,1.5707963267948966
